Total Nacional;Comunidades y Ciudades Aut�nomas;Provincias;Islas;Tipo de dato;Periodo;Total
Total Nacional;Catalu�a;Barcelona;;Porcentaje de poblaci�n que sale del �rea;29/12/2021;17,87
Total Nacional;Catalu�a;Barcelona;;Porcentaje de poblaci�n que sale del �rea;26/12/2021;12,26
Total Nacional;Catalu�a;Barcelona;;Porcentaje de poblaci�n que sale del �rea;22/12/2021;22,1
Total Nacional;Catalu�a;Barcelona;;Porcentaje de poblaci�n que sale del �rea;19/12/2021;15
Total Nacional;Catalu�a;Barcelona;;Porcentaje de poblaci�n que sale del �rea;15/12/2021;24,76
Total Nacional;Catalu�a;Barcelona;;Porcentaje de poblaci�n que sale del �rea;12/12/2021;14,85
Total Nacional;Catalu�a;Barcelona;;Porcentaje de poblaci�n que sale del �rea;8/12/2021;14,16
Total Nacional;Catalu�a;Barcelona;;Porcentaje de poblaci�n que sale del �rea;1/12/2021;25,37
Total Nacional;Catalu�a;Barcelona;;Porcentaje de poblaci�n que sale del �rea;28/11/2021;14,3
Total Nacional;Catalu�a;Barcelona;;Porcentaje de poblaci�n que sale del �rea;24/11/2021;23,95
Total Nacional;Catalu�a;Barcelona;;Porcentaje de poblaci�n que sale del �rea;21/11/2021;14,98
Total Nacional;Catalu�a;Barcelona;;Porcentaje de poblaci�n que sale del �rea;17/11/2021;24,88
Total Nacional;Catalu�a;Barcelona;;Porcentaje de poblaci�n que sale del �rea;14/11/2021;15,04
Total Nacional;Catalu�a;Barcelona;;Porcentaje de poblaci�n que sale del �rea;10/11/2021;24,07
Total Nacional;Catalu�a;Barcelona;;Porcentaje de poblaci�n que sale del �rea;7/11/2021;15,2
Total Nacional;Catalu�a;Barcelona;;Porcentaje de poblaci�n que sale del �rea;3/11/2021;18,13
Total Nacional;Catalu�a;Barcelona;;Porcentaje de poblaci�n que sale del �rea;31/10/2021;15,64
Total Nacional;Catalu�a;Barcelona;;Porcentaje de poblaci�n que sale del �rea;27/10/2021;24,17
Total Nacional;Catalu�a;Barcelona;;Porcentaje de poblaci�n que sale del �rea;24/10/2021;15,27
Total Nacional;Catalu�a;Barcelona;;Porcentaje de poblaci�n que sale del �rea;20/10/2021;23,81
Total Nacional;Catalu�a;Barcelona;;Porcentaje de poblaci�n que sale del �rea;17/10/2021;15,09
Total Nacional;Catalu�a;Barcelona;;Porcentaje de poblaci�n que sale del �rea;13/10/2021;22,38
Total Nacional;Catalu�a;Barcelona;;Porcentaje de poblaci�n que sale del �rea;10/10/2021;15,11
Total Nacional;Catalu�a;Barcelona;;Porcentaje de poblaci�n que sale del �rea;6/10/2021;24,64
Total Nacional;Catalu�a;Barcelona;;Porcentaje de poblaci�n que sale del �rea;3/10/2021;11,73
Total Nacional;Catalu�a;Barcelona;;Porcentaje de poblaci�n que sale del �rea;29/9/2021;24,22
Total Nacional;Catalu�a;Barcelona;;Porcentaje de poblaci�n que sale del �rea;26/9/2021;14,43
Total Nacional;Catalu�a;Barcelona;;Porcentaje de poblaci�n que sale del �rea;22/9/2021;23,38
Total Nacional;Catalu�a;Barcelona;;Porcentaje de poblaci�n que sale del �rea;19/9/2021;14,83
Total Nacional;Catalu�a;Barcelona;;Porcentaje de poblaci�n que sale del �rea;15/9/2021;23,82
Total Nacional;Catalu�a;Barcelona;;Porcentaje de poblaci�n que sale del �rea;12/9/2021;13,93
Total Nacional;Catalu�a;Barcelona;;Porcentaje de poblaci�n que sale del �rea;8/9/2021;20,96
Total Nacional;Catalu�a;Barcelona;;Porcentaje de poblaci�n que sale del �rea;5/9/2021;13,76
Total Nacional;Catalu�a;Barcelona;;Porcentaje de poblaci�n que sale del �rea;1/9/2021;18,74
Total Nacional;Catalu�a;Barcelona;;Porcentaje de poblaci�n que sale del �rea;29/8/2021;12,17
Total Nacional;Catalu�a;Barcelona;;Porcentaje de poblaci�n que sale del �rea;25/8/2021;17,03
Total Nacional;Catalu�a;Barcelona;;Porcentaje de poblaci�n que sale del �rea;22/8/2021;11,9
Total Nacional;Catalu�a;Barcelona;;Porcentaje de poblaci�n que sale del �rea;18/8/2021;16,04
Total Nacional;Catalu�a;Barcelona;;Porcentaje de poblaci�n que sale del �rea;15/8/2021;11,79
Total Nacional;Catalu�a;Barcelona;;Porcentaje de poblaci�n que sale del �rea;11/8/2021;16,26
Total Nacional;Catalu�a;Barcelona;;Porcentaje de poblaci�n que sale del �rea;8/8/2021;12,04
Total Nacional;Catalu�a;Barcelona;;Porcentaje de poblaci�n que sale del �rea;4/8/2021;17,47
Total Nacional;Catalu�a;Barcelona;;Porcentaje de poblaci�n que sale del �rea;1/8/2021;12,9
Total Nacional;Catalu�a;Barcelona;;Porcentaje de poblaci�n que sale del �rea;28/7/2021;20,42
Total Nacional;Catalu�a;Barcelona;;Porcentaje de poblaci�n que sale del �rea;25/7/2021;13,55
Total Nacional;Catalu�a;Barcelona;;Porcentaje de poblaci�n que sale del �rea;21/7/2021;20,79
Total Nacional;Catalu�a;Barcelona;;Porcentaje de poblaci�n que sale del �rea;18/7/2021;12,25
Total Nacional;Catalu�a;Barcelona;;Porcentaje de poblaci�n que sale del �rea;14/7/2021;21,2
Total Nacional;Catalu�a;Barcelona;;Porcentaje de poblaci�n que sale del �rea;11/7/2021;14,06
Total Nacional;Catalu�a;Barcelona;;Porcentaje de poblaci�n que sale del �rea;7/7/2021;21,25
Total Nacional;Catalu�a;Barcelona;;Porcentaje de poblaci�n que sale del �rea;4/7/2021;13,65
Total Nacional;Catalu�a;Barcelona;;Porcentaje de poblaci�n que sale del �rea;30/6/2021;21,89
Total Nacional;Catalu�a;Barcelona;;Porcentaje de poblaci�n que sale del �rea;27/6/2021;13,95
Total Nacional;Catalu�a;Barcelona;;Porcentaje de poblaci�n que sale del �rea;23/6/2021;13,54
Total Nacional;Catalu�a;Barcelona;;Porcentaje de poblaci�n que sale del �rea;20/6/2021;13,96
Total Nacional;Catalu�a;Barcelona;;Porcentaje de poblaci�n que sale del �rea;16/6/2021;23,51
Total Nacional;Catalu�a;Barcelona;;Porcentaje de poblaci�n que sale del �rea;13/6/2021;15,17
Total Nacional;Catalu�a;Barcelona;;Porcentaje de poblaci�n que sale del �rea;9/6/2021;22,93
Total Nacional;Catalu�a;Barcelona;;Porcentaje de poblaci�n que sale del �rea;6/6/2021;14,35
Total Nacional;Catalu�a;Barcelona;;Porcentaje de poblaci�n que sale del �rea;2/6/2021;22,58
Total Nacional;Catalu�a;Barcelona;;Porcentaje de poblaci�n que sale del �rea;30/5/2021;11,92
Total Nacional;Catalu�a;Barcelona;;Porcentaje de poblaci�n que sale del �rea;26/5/2021;20,33
Total Nacional;Catalu�a;Barcelona;;Porcentaje de poblaci�n que sale del �rea;23/5/2021;10,48
Total Nacional;Catalu�a;Barcelona;;Porcentaje de poblaci�n que sale del �rea;19/5/2021;22,79
Total Nacional;Catalu�a;Barcelona;;Porcentaje de poblaci�n que sale del �rea;16/5/2021;14,73
Total Nacional;Catalu�a;Barcelona;;Porcentaje de poblaci�n que sale del �rea;12/5/2021;20,87
Total Nacional;Catalu�a;Barcelona;;Porcentaje de poblaci�n que sale del �rea;9/5/2021;14,48
Total Nacional;Catalu�a;Barcelona;;Porcentaje de poblaci�n que sale del �rea;5/5/2021;22,17
Total Nacional;Catalu�a;Barcelona;;Porcentaje de poblaci�n que sale del �rea;2/5/2021;8,67
Total Nacional;Catalu�a;Barcelona;;Porcentaje de poblaci�n que sale del �rea;28/4/2021;21,11
Total Nacional;Catalu�a;Barcelona;;Porcentaje de poblaci�n que sale del �rea;25/4/2021;6,67
Total Nacional;Catalu�a;Barcelona;;Porcentaje de poblaci�n que sale del �rea;21/4/2021;20,64
Total Nacional;Catalu�a;Barcelona;;Porcentaje de poblaci�n que sale del �rea;18/4/2021;12,85
Total Nacional;Catalu�a;Barcelona;;Porcentaje de poblaci�n que sale del �rea;14/4/2021;22,37
Total Nacional;Catalu�a;Barcelona;;Porcentaje de poblaci�n que sale del �rea;11/4/2021;11,36
Total Nacional;Catalu�a;Barcelona;;Porcentaje de poblaci�n que sale del �rea;7/4/2021;22,03
Total Nacional;Catalu�a;Barcelona;;Porcentaje de poblaci�n que sale del �rea;4/4/2021;13,86
Total Nacional;Catalu�a;Barcelona;;Porcentaje de poblaci�n que sale del �rea;31/3/2021;20,92
Total Nacional;Catalu�a;Barcelona;;Porcentaje de poblaci�n que sale del �rea;28/3/2021;12,77
Total Nacional;Catalu�a;Barcelona;;Porcentaje de poblaci�n que sale del �rea;24/3/2021;22,53
Total Nacional;Catalu�a;Barcelona;;Porcentaje de poblaci�n que sale del �rea;21/3/2021;14,62
Total Nacional;Catalu�a;Barcelona;;Porcentaje de poblaci�n que sale del �rea;17/3/2021;23,34
Total Nacional;Catalu�a;Barcelona;;Porcentaje de poblaci�n que sale del �rea;14/3/2021;13,11
Total Nacional;Catalu�a;Barcelona;;Porcentaje de poblaci�n que sale del �rea;10/3/2021;22,09
Total Nacional;Catalu�a;Barcelona;;Porcentaje de poblaci�n que sale del �rea;7/3/2021;11,15
Total Nacional;Catalu�a;Barcelona;;Porcentaje de poblaci�n que sale del �rea;3/3/2021;21,91
Total Nacional;Catalu�a;Barcelona;;Porcentaje de poblaci�n que sale del �rea;28/2/2021;12,09
Total Nacional;Catalu�a;Barcelona;;Porcentaje de poblaci�n que sale del �rea;24/2/2021;21,39
Total Nacional;Catalu�a;Barcelona;;Porcentaje de poblaci�n que sale del �rea;21/2/2021;10,82
Total Nacional;Catalu�a;Barcelona;;Porcentaje de poblaci�n que sale del �rea;17/2/2021;21,2
Total Nacional;Catalu�a;Barcelona;;Porcentaje de poblaci�n que sale del �rea;14/2/2021;10,3
Total Nacional;Catalu�a;Barcelona;;Porcentaje de poblaci�n que sale del �rea;10/2/2021;20,48
Total Nacional;Catalu�a;Barcelona;;Porcentaje de poblaci�n que sale del �rea;7/2/2021;9,5
Total Nacional;Catalu�a;Barcelona;;Porcentaje de poblaci�n que sale del �rea;3/2/2021;20,93
Total Nacional;Catalu�a;Barcelona;;Porcentaje de poblaci�n que sale del �rea;31/1/2021;9,85
Total Nacional;Catalu�a;Barcelona;;Porcentaje de poblaci�n que sale del �rea;27/1/2021;20,69
Total Nacional;Catalu�a;Barcelona;;Porcentaje de poblaci�n que sale del �rea;24/1/2021;9,56
Total Nacional;Catalu�a;Barcelona;;Porcentaje de poblaci�n que sale del �rea;20/1/2021;20,4
Total Nacional;Catalu�a;Barcelona;;Porcentaje de poblaci�n que sale del �rea;17/1/2021;9,37
Total Nacional;Catalu�a;Barcelona;;Porcentaje de poblaci�n que sale del �rea;13/1/2021;17,85
Total Nacional;Catalu�a;Barcelona;;Porcentaje de poblaci�n que sale del �rea;10/1/2021;7,89
Total Nacional;Catalu�a;Barcelona;;Porcentaje de poblaci�n que sale del �rea;6/1/2021;12,17
Total Nacional;Catalu�a;Barcelona;;Porcentaje de poblaci�n que sale del �rea;3/1/2021;10,05
Total Nacional;Catalu�a;Barcelona;;Porcentaje de poblaci�n que sale del �rea;30/12/2020;19,54
Total Nacional;Catalu�a;Barcelona;;Porcentaje de poblaci�n que sale del �rea;27/12/2020;12,38
Total Nacional;Catalu�a;Barcelona;;Porcentaje de poblaci�n que sale del �rea;23/12/2020;21,8
Total Nacional;Catalu�a;Barcelona;;Porcentaje de poblaci�n que sale del �rea;20/12/2020;13,23
Total Nacional;Catalu�a;Barcelona;;Porcentaje de poblaci�n que sale del �rea;16/12/2020;23,75
Total Nacional;Catalu�a;Barcelona;;Porcentaje de poblaci�n que sale del �rea;13/12/2020;12,04
Total Nacional;Catalu�a;Barcelona;;Porcentaje de poblaci�n que sale del �rea;9/12/2020;22,59
Total Nacional;Catalu�a;Barcelona;;Porcentaje de poblaci�n que sale del �rea;6/12/2020;11,72
Total Nacional;Catalu�a;Barcelona;;Porcentaje de poblaci�n que sale del �rea;2/12/2020;23,75
Total Nacional;Catalu�a;Barcelona;;Porcentaje de poblaci�n que sale del �rea;29/11/2020;11,89
Total Nacional;Catalu�a;Barcelona;;Porcentaje de poblaci�n que sale del �rea;25/11/2020;23,49
Total Nacional;Catalu�a;Barcelona;;Porcentaje de poblaci�n que sale del �rea;22/11/2020;10,62
Total Nacional;Catalu�a;Barcelona;;Porcentaje de poblaci�n que sale del �rea;18/11/2020;23,02
Total Nacional;Catalu�a;Barcelona;;Porcentaje de poblaci�n que sale del �rea;15/11/2020;10,09
Total Nacional;Catalu�a;Barcelona;;Porcentaje de poblaci�n que sale del �rea;11/11/2020;21,82
Total Nacional;Catalu�a;Barcelona;;Porcentaje de poblaci�n que sale del �rea;8/11/2020;9,72
Total Nacional;Catalu�a;Barcelona;;Porcentaje de poblaci�n que sale del �rea;4/11/2020;22,43
Total Nacional;Catalu�a;Barcelona;;Porcentaje de poblaci�n que sale del �rea;1/11/2020;10,27
Total Nacional;Catalu�a;Barcelona;;Porcentaje de poblaci�n que sale del �rea;28/10/2020;23,3
Total Nacional;Catalu�a;Barcelona;;Porcentaje de poblaci�n que sale del �rea;25/10/2020;14,15
Total Nacional;Catalu�a;Barcelona;;Porcentaje de poblaci�n que sale del �rea;21/10/2020;23,69
Total Nacional;Catalu�a;Barcelona;;Porcentaje de poblaci�n que sale del �rea;18/10/2020;14,15
Total Nacional;Catalu�a;Barcelona;;Porcentaje de poblaci�n que sale del �rea;14/10/2020;25,3
Total Nacional;Catalu�a;Barcelona;;Porcentaje de poblaci�n que sale del �rea;11/10/2020;16,44
Total Nacional;Catalu�a;Barcelona;;Porcentaje de poblaci�n que sale del �rea;7/10/2020;25,35
Total Nacional;Catalu�a;Barcelona;;Porcentaje de poblaci�n que sale del �rea;4/10/2020;16,53
Total Nacional;Catalu�a;Barcelona;;Porcentaje de poblaci�n que sale del �rea;30/9/2020;18,44
Total Nacional;Catalu�a;Barcelona;;Porcentaje de poblaci�n que sale del �rea;27/9/2020;12,92
Total Nacional;Catalu�a;Barcelona;;Porcentaje de poblaci�n que sale del �rea;23/9/2020;26,24
Total Nacional;Catalu�a;Barcelona;;Porcentaje de poblaci�n que sale del �rea;20/9/2020;16,75
Total Nacional;Catalu�a;Barcelona;;Porcentaje de poblaci�n que sale del �rea;16/9/2020;26
Total Nacional;Catalu�a;Barcelona;;Porcentaje de poblaci�n que sale del �rea;13/9/2020;15,47
Total Nacional;Catalu�a;Barcelona;;Porcentaje de poblaci�n que sale del �rea;9/9/2020;23,93
Total Nacional;Catalu�a;Barcelona;;Porcentaje de poblaci�n que sale del �rea;6/9/2020;16,13
Total Nacional;Catalu�a;Barcelona;;Porcentaje de poblaci�n que sale del �rea;2/9/2020;22,41
Total Nacional;Catalu�a;Barcelona;;Porcentaje de poblaci�n que sale del �rea;30/8/2020;14,18
Total Nacional;Catalu�a;Barcelona;;Porcentaje de poblaci�n que sale del �rea;26/8/2020;20,33
Total Nacional;Catalu�a;Barcelona;;Porcentaje de poblaci�n que sale del �rea;23/8/2020;11,42
Total Nacional;Catalu�a;Barcelona;;Porcentaje de poblaci�n que sale del �rea;19/8/2020;19,11
Total Nacional;Catalu�a;Barcelona;;Porcentaje de poblaci�n que sale del �rea;16/8/2020;13,85
Total Nacional;Catalu�a;Barcelona;;Porcentaje de poblaci�n que sale del �rea;12/8/2020;19,34
Total Nacional;Catalu�a;Barcelona;;Porcentaje de poblaci�n que sale del �rea;9/8/2020;14,63
Total Nacional;Catalu�a;Barcelona;;Porcentaje de poblaci�n que sale del �rea;5/8/2020;20,78
Total Nacional;Catalu�a;Barcelona;;Porcentaje de poblaci�n que sale del �rea;2/8/2020;15,47
Total Nacional;Catalu�a;Barcelona;;Porcentaje de poblaci�n que sale del �rea;29/7/2020;23,83
Total Nacional;Catalu�a;Barcelona;;Porcentaje de poblaci�n que sale del �rea;26/7/2020;16,08
Total Nacional;Catalu�a;Barcelona;;Porcentaje de poblaci�n que sale del �rea;22/7/2020;23,96
Total Nacional;Catalu�a;Barcelona;;Porcentaje de poblaci�n que sale del �rea;19/7/2020;15,92
Total Nacional;Catalu�a;Barcelona;;Porcentaje de poblaci�n que sale del �rea;15/7/2020;25,9
Total Nacional;Catalu�a;Barcelona;;Porcentaje de poblaci�n que sale del �rea;12/7/2020;17,54
Total Nacional;Catalu�a;Barcelona;;Porcentaje de poblaci�n que sale del �rea;8/7/2020;25,47
Total Nacional;Catalu�a;Barcelona;;Porcentaje de poblaci�n que sale del �rea;5/7/2020;18,41
Total Nacional;Catalu�a;Barcelona;;Porcentaje de poblaci�n que sale del �rea;1/7/2020;25,77
Total Nacional;Catalu�a;Barcelona;;Porcentaje de poblaci�n que sale del �rea;28/6/2020;17,68
Total Nacional;Catalu�a;Barcelona;;Porcentaje de poblaci�n que sale del �rea;24/6/2020;17,52
Total Nacional;Catalu�a;Barcelona;;Porcentaje de poblaci�n que sale del �rea;20/6/2020;21,48
Total Nacional;Catalu�a;Barcelona;;Porcentaje de poblaci�n que sale del �rea;19/6/2020;23,9
Total Nacional;Catalu�a;Barcelona;;Porcentaje de poblaci�n que sale del �rea;18/6/2020;23,15
Total Nacional;Catalu�a;Barcelona;;Porcentaje de poblaci�n que sale del �rea;17/6/2020;23,25
Total Nacional;Catalu�a;Barcelona;;Porcentaje de poblaci�n que sale del �rea;16/6/2020;22,61
Total Nacional;Catalu�a;Barcelona;;Porcentaje de poblaci�n que sale del �rea;15/6/2020;21,99
Total Nacional;Catalu�a;Barcelona;;Porcentaje de poblaci�n que sale del �rea;14/6/2020;17,41
Total Nacional;Catalu�a;Barcelona;;Porcentaje de poblaci�n que sale del �rea;13/6/2020;20,32
Total Nacional;Catalu�a;Barcelona;;Porcentaje de poblaci�n que sale del �rea;12/6/2020;21,4
Total Nacional;Catalu�a;Barcelona;;Porcentaje de poblaci�n que sale del �rea;11/6/2020;22,46
Total Nacional;Catalu�a;Barcelona;;Porcentaje de poblaci�n que sale del �rea;10/6/2020;22,02
Total Nacional;Catalu�a;Barcelona;;Porcentaje de poblaci�n que sale del �rea;9/6/2020;19,49
Total Nacional;Catalu�a;Barcelona;;Porcentaje de poblaci�n que sale del �rea;8/6/2020;18,69
Total Nacional;Catalu�a;Barcelona;;Porcentaje de poblaci�n que sale del �rea;7/6/2020;13,28
Total Nacional;Catalu�a;Barcelona;;Porcentaje de poblaci�n que sale del �rea;6/6/2020;18,37
Total Nacional;Catalu�a;Barcelona;;Porcentaje de poblaci�n que sale del �rea;5/6/2020;21,44
Total Nacional;Catalu�a;Barcelona;;Porcentaje de poblaci�n que sale del �rea;4/6/2020;20,16
Total Nacional;Catalu�a;Barcelona;;Porcentaje de poblaci�n que sale del �rea;3/6/2020;20,85
Total Nacional;Catalu�a;Barcelona;;Porcentaje de poblaci�n que sale del �rea;2/6/2020;20,51
Total Nacional;Catalu�a;Barcelona;;Porcentaje de poblaci�n que sale del �rea;1/6/2020;16,11
Total Nacional;Catalu�a;Barcelona;;Porcentaje de poblaci�n que sale del �rea;31/5/2020;13,55
Total Nacional;Catalu�a;Barcelona;;Porcentaje de poblaci�n que sale del �rea;30/5/2020;15,69
Total Nacional;Catalu�a;Barcelona;;Porcentaje de poblaci�n que sale del �rea;29/5/2020;19,97
Total Nacional;Catalu�a;Barcelona;;Porcentaje de poblaci�n que sale del �rea;28/5/2020;20,15
Total Nacional;Catalu�a;Barcelona;;Porcentaje de poblaci�n que sale del �rea;27/5/2020;19,9
Total Nacional;Catalu�a;Barcelona;;Porcentaje de poblaci�n que sale del �rea;26/5/2020;19,79
Total Nacional;Catalu�a;Barcelona;;Porcentaje de poblaci�n que sale del �rea;25/5/2020;18,09
Total Nacional;Catalu�a;Barcelona;;Porcentaje de poblaci�n que sale del �rea;24/5/2020;10,21
Total Nacional;Catalu�a;Barcelona;;Porcentaje de poblaci�n que sale del �rea;23/5/2020;13,02
Total Nacional;Catalu�a;Barcelona;;Porcentaje de poblaci�n que sale del �rea;22/5/2020;17,55
Total Nacional;Catalu�a;Barcelona;;Porcentaje de poblaci�n que sale del �rea;21/5/2020;17,71
Total Nacional;Catalu�a;Barcelona;;Porcentaje de poblaci�n que sale del �rea;20/5/2020;17,47
Total Nacional;Catalu�a;Barcelona;;Porcentaje de poblaci�n que sale del �rea;19/5/2020;17,51
Total Nacional;Catalu�a;Barcelona;;Porcentaje de poblaci�n que sale del �rea;18/5/2020;16,07
Total Nacional;Catalu�a;Barcelona;;Porcentaje de poblaci�n que sale del �rea;17/5/2020;8,4
Total Nacional;Catalu�a;Barcelona;;Porcentaje de poblaci�n que sale del �rea;16/5/2020;11,39
Total Nacional;Catalu�a;Barcelona;;Porcentaje de poblaci�n que sale del �rea;15/5/2020;15,79
Total Nacional;Catalu�a;Barcelona;;Porcentaje de poblaci�n que sale del �rea;14/5/2020;16,57
Total Nacional;Catalu�a;Barcelona;;Porcentaje de poblaci�n que sale del �rea;13/5/2020;16,65
Total Nacional;Catalu�a;Barcelona;;Porcentaje de poblaci�n que sale del �rea;12/5/2020;16,67
Total Nacional;Catalu�a;Barcelona;;Porcentaje de poblaci�n que sale del �rea;11/5/2020;14,57
Total Nacional;Catalu�a;Barcelona;;Porcentaje de poblaci�n que sale del �rea;10/5/2020;7,74
Total Nacional;Catalu�a;Barcelona;;Porcentaje de poblaci�n que sale del �rea;9/5/2020;8,81
Total Nacional;Catalu�a;Barcelona;;Porcentaje de poblaci�n que sale del �rea;8/5/2020;15,27
Total Nacional;Catalu�a;Barcelona;;Porcentaje de poblaci�n que sale del �rea;7/5/2020;15,18
Total Nacional;Catalu�a;Barcelona;;Porcentaje de poblaci�n que sale del �rea;6/5/2020;15,15
Total Nacional;Catalu�a;Barcelona;;Porcentaje de poblaci�n que sale del �rea;5/5/2020;16,04
Total Nacional;Catalu�a;Barcelona;;Porcentaje de poblaci�n que sale del �rea;4/5/2020;14,59
Total Nacional;Catalu�a;Barcelona;;Porcentaje de poblaci�n que sale del �rea;3/5/2020;8,62
Total Nacional;Catalu�a;Barcelona;;Porcentaje de poblaci�n que sale del �rea;2/5/2020;8,98
Total Nacional;Catalu�a;Barcelona;;Porcentaje de poblaci�n que sale del �rea;1/5/2020;8,2
Total Nacional;Catalu�a;Barcelona;;Porcentaje de poblaci�n que sale del �rea;30/4/2020;13,17
Total Nacional;Catalu�a;Barcelona;;Porcentaje de poblaci�n que sale del �rea;29/4/2020;12,88
Total Nacional;Catalu�a;Barcelona;;Porcentaje de poblaci�n que sale del �rea;28/4/2020;12,78
Total Nacional;Catalu�a;Barcelona;;Porcentaje de poblaci�n que sale del �rea;27/4/2020;11,93
Total Nacional;Catalu�a;Barcelona;;Porcentaje de poblaci�n que sale del �rea;26/4/2020;6,81
Total Nacional;Catalu�a;Barcelona;;Porcentaje de poblaci�n que sale del �rea;25/4/2020;8,62
Total Nacional;Catalu�a;Barcelona;;Porcentaje de poblaci�n que sale del �rea;24/4/2020;12,38
Total Nacional;Catalu�a;Barcelona;;Porcentaje de poblaci�n que sale del �rea;23/4/2020;12,25
Total Nacional;Catalu�a;Barcelona;;Porcentaje de poblaci�n que sale del �rea;22/4/2020;12,72
Total Nacional;Catalu�a;Barcelona;;Porcentaje de poblaci�n que sale del �rea;21/4/2020;12,05
Total Nacional;Catalu�a;Barcelona;;Porcentaje de poblaci�n que sale del �rea;20/4/2020;11,56
Total Nacional;Catalu�a;Barcelona;;Porcentaje de poblaci�n que sale del �rea;19/4/2020;6,42
Total Nacional;Catalu�a;Barcelona;;Porcentaje de poblaci�n que sale del �rea;18/4/2020;8,54
Total Nacional;Catalu�a;Barcelona;;Porcentaje de poblaci�n que sale del �rea;17/4/2020;12,07
Total Nacional;Catalu�a;Barcelona;;Porcentaje de poblaci�n que sale del �rea;16/4/2020;12,87
Total Nacional;Catalu�a;Barcelona;;Porcentaje de poblaci�n que sale del �rea;15/4/2020;12,18
Total Nacional;Catalu�a;Barcelona;;Porcentaje de poblaci�n que sale del �rea;14/4/2020;11,23
Total Nacional;Catalu�a;Barcelona;;Porcentaje de poblaci�n que sale del �rea;13/4/2020;6,81
Total Nacional;Catalu�a;Barcelona;;Porcentaje de poblaci�n que sale del �rea;12/4/2020;6,62
Total Nacional;Catalu�a;Barcelona;;Porcentaje de poblaci�n que sale del �rea;11/4/2020;7,83
Total Nacional;Catalu�a;Barcelona;;Porcentaje de poblaci�n que sale del �rea;10/4/2020;7,36
Total Nacional;Catalu�a;Barcelona;;Porcentaje de poblaci�n que sale del �rea;9/4/2020;10,16
Total Nacional;Catalu�a;Barcelona;;Porcentaje de poblaci�n que sale del �rea;8/4/2020;10,37
Total Nacional;Catalu�a;Barcelona;;Porcentaje de poblaci�n que sale del �rea;7/4/2020;10,46
Total Nacional;Catalu�a;Barcelona;;Porcentaje de poblaci�n que sale del �rea;6/4/2020;9,76
Total Nacional;Catalu�a;Barcelona;;Porcentaje de poblaci�n que sale del �rea;5/4/2020;6,56
Total Nacional;Catalu�a;Barcelona;;Porcentaje de poblaci�n que sale del �rea;4/4/2020;8,08
Total Nacional;Catalu�a;Barcelona;;Porcentaje de poblaci�n que sale del �rea;3/4/2020;10,69
Total Nacional;Catalu�a;Barcelona;;Porcentaje de poblaci�n que sale del �rea;2/4/2020;9,89
Total Nacional;Catalu�a;Barcelona;;Porcentaje de poblaci�n que sale del �rea;1/4/2020;9,77
Total Nacional;Catalu�a;Barcelona;;Porcentaje de poblaci�n que sale del �rea;31/3/2020;10,18
Total Nacional;Catalu�a;Barcelona;;Porcentaje de poblaci�n que sale del �rea;30/3/2020;10,28
Total Nacional;Catalu�a;Barcelona;;Porcentaje de poblaci�n que sale del �rea;28/3/2020;8,83
Total Nacional;Catalu�a;Barcelona;;Porcentaje de poblaci�n que sale del �rea;26/3/2020;12,35
Total Nacional;Catalu�a;Barcelona;;Porcentaje de poblaci�n que sale del �rea;24/3/2020;12,53
Total Nacional;Catalu�a;Barcelona;;Porcentaje de poblaci�n que sale del �rea;22/3/2020;6,59
Total Nacional;Catalu�a;Barcelona;;Porcentaje de poblaci�n que sale del �rea;20/3/2020;12,7
Total Nacional;Catalu�a;Barcelona;;Porcentaje de poblaci�n que sale del �rea;18/3/2020;13,44
Total Nacional;Catalu�a;Barcelona;;Porcentaje de poblaci�n que sale del �rea;16/3/2020;14,64
Total Nacional;Catalu�a;Barcelona;;Porcentaje de poblaci�n que sale del �rea;18/11/2019;34,9
Total Nacional;Catalu�a;Girona;;Porcentaje de poblaci�n que sale del �rea;29/12/2021;12,36
Total Nacional;Catalu�a;Girona;;Porcentaje de poblaci�n que sale del �rea;26/12/2021;8,69
Total Nacional;Catalu�a;Girona;;Porcentaje de poblaci�n que sale del �rea;22/12/2021;13,87
Total Nacional;Catalu�a;Girona;;Porcentaje de poblaci�n que sale del �rea;19/12/2021;10,7
Total Nacional;Catalu�a;Girona;;Porcentaje de poblaci�n que sale del �rea;15/12/2021;15,02
Total Nacional;Catalu�a;Girona;;Porcentaje de poblaci�n que sale del �rea;12/12/2021;10,78
Total Nacional;Catalu�a;Girona;;Porcentaje de poblaci�n que sale del �rea;8/12/2021;12,12
Total Nacional;Catalu�a;Girona;;Porcentaje de poblaci�n que sale del �rea;1/12/2021;15,74
Total Nacional;Catalu�a;Girona;;Porcentaje de poblaci�n que sale del �rea;28/11/2021;11,3
Total Nacional;Catalu�a;Girona;;Porcentaje de poblaci�n que sale del �rea;24/11/2021;15,14
Total Nacional;Catalu�a;Girona;;Porcentaje de poblaci�n que sale del �rea;21/11/2021;11,97
Total Nacional;Catalu�a;Girona;;Porcentaje de poblaci�n que sale del �rea;17/11/2021;15,55
Total Nacional;Catalu�a;Girona;;Porcentaje de poblaci�n que sale del �rea;14/11/2021;12,03
Total Nacional;Catalu�a;Girona;;Porcentaje de poblaci�n que sale del �rea;10/11/2021;14,48
Total Nacional;Catalu�a;Girona;;Porcentaje de poblaci�n que sale del �rea;7/11/2021;11,71
Total Nacional;Catalu�a;Girona;;Porcentaje de poblaci�n que sale del �rea;3/11/2021;11,17
Total Nacional;Catalu�a;Girona;;Porcentaje de poblaci�n que sale del �rea;31/10/2021;13,19
Total Nacional;Catalu�a;Girona;;Porcentaje de poblaci�n que sale del �rea;27/10/2021;15,05
Total Nacional;Catalu�a;Girona;;Porcentaje de poblaci�n que sale del �rea;24/10/2021;12,63
Total Nacional;Catalu�a;Girona;;Porcentaje de poblaci�n que sale del �rea;20/10/2021;14,82
Total Nacional;Catalu�a;Girona;;Porcentaje de poblaci�n que sale del �rea;17/10/2021;12,41
Total Nacional;Catalu�a;Girona;;Porcentaje de poblaci�n que sale del �rea;13/10/2021;15,02
Total Nacional;Catalu�a;Girona;;Porcentaje de poblaci�n que sale del �rea;10/10/2021;13,38
Total Nacional;Catalu�a;Girona;;Porcentaje de poblaci�n que sale del �rea;6/10/2021;15,42
Total Nacional;Catalu�a;Girona;;Porcentaje de poblaci�n que sale del �rea;3/10/2021;10,15
Total Nacional;Catalu�a;Girona;;Porcentaje de poblaci�n que sale del �rea;29/9/2021;15,56
Total Nacional;Catalu�a;Girona;;Porcentaje de poblaci�n que sale del �rea;26/9/2021;13,63
Total Nacional;Catalu�a;Girona;;Porcentaje de poblaci�n que sale del �rea;22/9/2021;15,4
Total Nacional;Catalu�a;Girona;;Porcentaje de poblaci�n que sale del �rea;19/9/2021;13,03
Total Nacional;Catalu�a;Girona;;Porcentaje de poblaci�n que sale del �rea;15/9/2021;15,63
Total Nacional;Catalu�a;Girona;;Porcentaje de poblaci�n que sale del �rea;12/9/2021;13,04
Total Nacional;Catalu�a;Girona;;Porcentaje de poblaci�n que sale del �rea;8/9/2021;15,12
Total Nacional;Catalu�a;Girona;;Porcentaje de poblaci�n que sale del �rea;5/9/2021;13,49
Total Nacional;Catalu�a;Girona;;Porcentaje de poblaci�n que sale del �rea;1/9/2021;14,83
Total Nacional;Catalu�a;Girona;;Porcentaje de poblaci�n que sale del �rea;29/8/2021;13,99
Total Nacional;Catalu�a;Girona;;Porcentaje de poblaci�n que sale del �rea;25/8/2021;15,28
Total Nacional;Catalu�a;Girona;;Porcentaje de poblaci�n que sale del �rea;22/8/2021;13,65
Total Nacional;Catalu�a;Girona;;Porcentaje de poblaci�n que sale del �rea;18/8/2021;15,62
Total Nacional;Catalu�a;Girona;;Porcentaje de poblaci�n que sale del �rea;15/8/2021;13,47
Total Nacional;Catalu�a;Girona;;Porcentaje de poblaci�n que sale del �rea;11/8/2021;15,77
Total Nacional;Catalu�a;Girona;;Porcentaje de poblaci�n que sale del �rea;8/8/2021;13
Total Nacional;Catalu�a;Girona;;Porcentaje de poblaci�n que sale del �rea;4/8/2021;14,99
Total Nacional;Catalu�a;Girona;;Porcentaje de poblaci�n que sale del �rea;1/8/2021;12,47
Total Nacional;Catalu�a;Girona;;Porcentaje de poblaci�n que sale del �rea;28/7/2021;15,79
Total Nacional;Catalu�a;Girona;;Porcentaje de poblaci�n que sale del �rea;25/7/2021;13,64
Total Nacional;Catalu�a;Girona;;Porcentaje de poblaci�n que sale del �rea;21/7/2021;16,35
Total Nacional;Catalu�a;Girona;;Porcentaje de poblaci�n que sale del �rea;18/7/2021;12,56
Total Nacional;Catalu�a;Girona;;Porcentaje de poblaci�n que sale del �rea;14/7/2021;15,67
Total Nacional;Catalu�a;Girona;;Porcentaje de poblaci�n que sale del �rea;11/7/2021;13,56
Total Nacional;Catalu�a;Girona;;Porcentaje de poblaci�n que sale del �rea;7/7/2021;15,71
Total Nacional;Catalu�a;Girona;;Porcentaje de poblaci�n que sale del �rea;4/7/2021;13,12
Total Nacional;Catalu�a;Girona;;Porcentaje de poblaci�n que sale del �rea;30/6/2021;15,9
Total Nacional;Catalu�a;Girona;;Porcentaje de poblaci�n que sale del �rea;27/6/2021;14,76
Total Nacional;Catalu�a;Girona;;Porcentaje de poblaci�n que sale del �rea;23/6/2021;10,58
Total Nacional;Catalu�a;Girona;;Porcentaje de poblaci�n que sale del �rea;20/6/2021;12,87
Total Nacional;Catalu�a;Girona;;Porcentaje de poblaci�n que sale del �rea;16/6/2021;16,35
Total Nacional;Catalu�a;Girona;;Porcentaje de poblaci�n que sale del �rea;13/6/2021;13,92
Total Nacional;Catalu�a;Girona;;Porcentaje de poblaci�n que sale del �rea;9/6/2021;15,63
Total Nacional;Catalu�a;Girona;;Porcentaje de poblaci�n que sale del �rea;6/6/2021;12,7
Total Nacional;Catalu�a;Girona;;Porcentaje de poblaci�n que sale del �rea;2/6/2021;15,26
Total Nacional;Catalu�a;Girona;;Porcentaje de poblaci�n que sale del �rea;30/5/2021;10,38
Total Nacional;Catalu�a;Girona;;Porcentaje de poblaci�n que sale del �rea;26/5/2021;13,39
Total Nacional;Catalu�a;Girona;;Porcentaje de poblaci�n que sale del �rea;23/5/2021;9,79
Total Nacional;Catalu�a;Girona;;Porcentaje de poblaci�n que sale del �rea;19/5/2021;15,04
Total Nacional;Catalu�a;Girona;;Porcentaje de poblaci�n que sale del �rea;16/5/2021;12,86
Total Nacional;Catalu�a;Girona;;Porcentaje de poblaci�n que sale del �rea;12/5/2021;13,24
Total Nacional;Catalu�a;Girona;;Porcentaje de poblaci�n que sale del �rea;9/5/2021;12,81
Total Nacional;Catalu�a;Girona;;Porcentaje de poblaci�n que sale del �rea;5/5/2021;15,04
Total Nacional;Catalu�a;Girona;;Porcentaje de poblaci�n que sale del �rea;2/5/2021;7,34
Total Nacional;Catalu�a;Girona;;Porcentaje de poblaci�n que sale del �rea;28/4/2021;13,9
Total Nacional;Catalu�a;Girona;;Porcentaje de poblaci�n que sale del �rea;25/4/2021;6,77
Total Nacional;Catalu�a;Girona;;Porcentaje de poblaci�n que sale del �rea;21/4/2021;13,19
Total Nacional;Catalu�a;Girona;;Porcentaje de poblaci�n que sale del �rea;18/4/2021;8,68
Total Nacional;Catalu�a;Girona;;Porcentaje de poblaci�n que sale del �rea;14/4/2021;14,53
Total Nacional;Catalu�a;Girona;;Porcentaje de poblaci�n que sale del �rea;11/4/2021;7,81
Total Nacional;Catalu�a;Girona;;Porcentaje de poblaci�n que sale del �rea;7/4/2021;14,57
Total Nacional;Catalu�a;Girona;;Porcentaje de poblaci�n que sale del �rea;4/4/2021;14,12
Total Nacional;Catalu�a;Girona;;Porcentaje de poblaci�n que sale del �rea;31/3/2021;16,11
Total Nacional;Catalu�a;Girona;;Porcentaje de poblaci�n que sale del �rea;28/3/2021;10,72
Total Nacional;Catalu�a;Girona;;Porcentaje de poblaci�n que sale del �rea;24/3/2021;15,17
Total Nacional;Catalu�a;Girona;;Porcentaje de poblaci�n que sale del �rea;21/3/2021;12,4
Total Nacional;Catalu�a;Girona;;Porcentaje de poblaci�n que sale del �rea;17/3/2021;15,72
Total Nacional;Catalu�a;Girona;;Porcentaje de poblaci�n que sale del �rea;14/3/2021;9,17
Total Nacional;Catalu�a;Girona;;Porcentaje de poblaci�n que sale del �rea;10/3/2021;14,78
Total Nacional;Catalu�a;Girona;;Porcentaje de poblaci�n que sale del �rea;7/3/2021;7,89
Total Nacional;Catalu�a;Girona;;Porcentaje de poblaci�n que sale del �rea;3/3/2021;14,69
Total Nacional;Catalu�a;Girona;;Porcentaje de poblaci�n que sale del �rea;28/2/2021;8,46
Total Nacional;Catalu�a;Girona;;Porcentaje de poblaci�n que sale del �rea;24/2/2021;14,55
Total Nacional;Catalu�a;Girona;;Porcentaje de poblaci�n que sale del �rea;21/2/2021;7,61
Total Nacional;Catalu�a;Girona;;Porcentaje de poblaci�n que sale del �rea;17/2/2021;14,51
Total Nacional;Catalu�a;Girona;;Porcentaje de poblaci�n que sale del �rea;14/2/2021;7,28
Total Nacional;Catalu�a;Girona;;Porcentaje de poblaci�n que sale del �rea;10/2/2021;14,26
Total Nacional;Catalu�a;Girona;;Porcentaje de poblaci�n que sale del �rea;7/2/2021;5,47
Total Nacional;Catalu�a;Girona;;Porcentaje de poblaci�n que sale del �rea;3/2/2021;14,16
Total Nacional;Catalu�a;Girona;;Porcentaje de poblaci�n que sale del �rea;31/1/2021;6,06
Total Nacional;Catalu�a;Girona;;Porcentaje de poblaci�n que sale del �rea;27/1/2021;13,79
Total Nacional;Catalu�a;Girona;;Porcentaje de poblaci�n que sale del �rea;24/1/2021;5,72
Total Nacional;Catalu�a;Girona;;Porcentaje de poblaci�n que sale del �rea;20/1/2021;13,48
Total Nacional;Catalu�a;Girona;;Porcentaje de poblaci�n que sale del �rea;17/1/2021;5,55
Total Nacional;Catalu�a;Girona;;Porcentaje de poblaci�n que sale del �rea;13/1/2021;12,3
Total Nacional;Catalu�a;Girona;;Porcentaje de poblaci�n que sale del �rea;10/1/2021;4,78
Total Nacional;Catalu�a;Girona;;Porcentaje de poblaci�n que sale del �rea;6/1/2021;8,66
Total Nacional;Catalu�a;Girona;;Porcentaje de poblaci�n que sale del �rea;3/1/2021;7,85
Total Nacional;Catalu�a;Girona;;Porcentaje de poblaci�n que sale del �rea;30/12/2020;13,89
Total Nacional;Catalu�a;Girona;;Porcentaje de poblaci�n que sale del �rea;27/12/2020;8,8
Total Nacional;Catalu�a;Girona;;Porcentaje de poblaci�n que sale del �rea;23/12/2020;14,8
Total Nacional;Catalu�a;Girona;;Porcentaje de poblaci�n que sale del �rea;20/12/2020;8,18
Total Nacional;Catalu�a;Girona;;Porcentaje de poblaci�n que sale del �rea;16/12/2020;16,43
Total Nacional;Catalu�a;Girona;;Porcentaje de poblaci�n que sale del �rea;13/12/2020;7,12
Total Nacional;Catalu�a;Girona;;Porcentaje de poblaci�n que sale del �rea;9/12/2020;16,49
Total Nacional;Catalu�a;Girona;;Porcentaje de poblaci�n que sale del �rea;6/12/2020;7,31
Total Nacional;Catalu�a;Girona;;Porcentaje de poblaci�n que sale del �rea;2/12/2020;16,67
Total Nacional;Catalu�a;Girona;;Porcentaje de poblaci�n que sale del �rea;29/11/2020;7,07
Total Nacional;Catalu�a;Girona;;Porcentaje de poblaci�n que sale del �rea;25/11/2020;16,3
Total Nacional;Catalu�a;Girona;;Porcentaje de poblaci�n que sale del �rea;22/11/2020;6,55
Total Nacional;Catalu�a;Girona;;Porcentaje de poblaci�n que sale del �rea;18/11/2020;16
Total Nacional;Catalu�a;Girona;;Porcentaje de poblaci�n que sale del �rea;15/11/2020;6,28
Total Nacional;Catalu�a;Girona;;Porcentaje de poblaci�n que sale del �rea;11/11/2020;15,25
Total Nacional;Catalu�a;Girona;;Porcentaje de poblaci�n que sale del �rea;8/11/2020;5,91
Total Nacional;Catalu�a;Girona;;Porcentaje de poblaci�n que sale del �rea;4/11/2020;15,46
Total Nacional;Catalu�a;Girona;;Porcentaje de poblaci�n que sale del �rea;1/11/2020;6,12
Total Nacional;Catalu�a;Girona;;Porcentaje de poblaci�n que sale del �rea;28/10/2020;16,01
Total Nacional;Catalu�a;Girona;;Porcentaje de poblaci�n que sale del �rea;25/10/2020;12,19
Total Nacional;Catalu�a;Girona;;Porcentaje de poblaci�n que sale del �rea;21/10/2020;16,09
Total Nacional;Catalu�a;Girona;;Porcentaje de poblaci�n que sale del �rea;18/10/2020;12,35
Total Nacional;Catalu�a;Girona;;Porcentaje de poblaci�n que sale del �rea;14/10/2020;17,14
Total Nacional;Catalu�a;Girona;;Porcentaje de poblaci�n que sale del �rea;11/10/2020;14,91
Total Nacional;Catalu�a;Girona;;Porcentaje de poblaci�n que sale del �rea;7/10/2020;17,55
Total Nacional;Catalu�a;Girona;;Porcentaje de poblaci�n que sale del �rea;4/10/2020;14,77
Total Nacional;Catalu�a;Girona;;Porcentaje de poblaci�n que sale del �rea;30/9/2020;15,98
Total Nacional;Catalu�a;Girona;;Porcentaje de poblaci�n que sale del �rea;27/9/2020;12,94
Total Nacional;Catalu�a;Girona;;Porcentaje de poblaci�n que sale del �rea;23/9/2020;18,28
Total Nacional;Catalu�a;Girona;;Porcentaje de poblaci�n que sale del �rea;20/9/2020;15,19
Total Nacional;Catalu�a;Girona;;Porcentaje de poblaci�n que sale del �rea;16/9/2020;18,72
Total Nacional;Catalu�a;Girona;;Porcentaje de poblaci�n que sale del �rea;13/9/2020;16,93
Total Nacional;Catalu�a;Girona;;Porcentaje de poblaci�n que sale del �rea;9/9/2020;17,88
Total Nacional;Catalu�a;Girona;;Porcentaje de poblaci�n que sale del �rea;6/9/2020;15,65
Total Nacional;Catalu�a;Girona;;Porcentaje de poblaci�n que sale del �rea;2/9/2020;16,96
Total Nacional;Catalu�a;Girona;;Porcentaje de poblaci�n que sale del �rea;30/8/2020;15,17
Total Nacional;Catalu�a;Girona;;Porcentaje de poblaci�n que sale del �rea;26/8/2020;18,76
Total Nacional;Catalu�a;Girona;;Porcentaje de poblaci�n que sale del �rea;23/8/2020;13,61
Total Nacional;Catalu�a;Girona;;Porcentaje de poblaci�n que sale del �rea;19/8/2020;18,44
Total Nacional;Catalu�a;Girona;;Porcentaje de poblaci�n que sale del �rea;16/8/2020;15,86
Total Nacional;Catalu�a;Girona;;Porcentaje de poblaci�n que sale del �rea;12/8/2020;18,57
Total Nacional;Catalu�a;Girona;;Porcentaje de poblaci�n que sale del �rea;9/8/2020;15,8
Total Nacional;Catalu�a;Girona;;Porcentaje de poblaci�n que sale del �rea;5/8/2020;18,78
Total Nacional;Catalu�a;Girona;;Porcentaje de poblaci�n que sale del �rea;2/8/2020;15,85
Total Nacional;Catalu�a;Girona;;Porcentaje de poblaci�n que sale del �rea;29/7/2020;18,99
Total Nacional;Catalu�a;Girona;;Porcentaje de poblaci�n que sale del �rea;26/7/2020;16,15
Total Nacional;Catalu�a;Girona;;Porcentaje de poblaci�n que sale del �rea;22/7/2020;19
Total Nacional;Catalu�a;Girona;;Porcentaje de poblaci�n que sale del �rea;19/7/2020;16,17
Total Nacional;Catalu�a;Girona;;Porcentaje de poblaci�n que sale del �rea;15/7/2020;19,1
Total Nacional;Catalu�a;Girona;;Porcentaje de poblaci�n que sale del �rea;12/7/2020;16,68
Total Nacional;Catalu�a;Girona;;Porcentaje de poblaci�n que sale del �rea;8/7/2020;19,41
Total Nacional;Catalu�a;Girona;;Porcentaje de poblaci�n que sale del �rea;5/7/2020;17,19
Total Nacional;Catalu�a;Girona;;Porcentaje de poblaci�n que sale del �rea;1/7/2020;19,15
Total Nacional;Catalu�a;Girona;;Porcentaje de poblaci�n que sale del �rea;28/6/2020;17
Total Nacional;Catalu�a;Girona;;Porcentaje de poblaci�n que sale del �rea;24/6/2020;15,11
Total Nacional;Catalu�a;Girona;;Porcentaje de poblaci�n que sale del �rea;20/6/2020;16,52
Total Nacional;Catalu�a;Girona;;Porcentaje de poblaci�n que sale del �rea;19/6/2020;17,63
Total Nacional;Catalu�a;Girona;;Porcentaje de poblaci�n que sale del �rea;18/6/2020;16,68
Total Nacional;Catalu�a;Girona;;Porcentaje de poblaci�n que sale del �rea;17/6/2020;17,11
Total Nacional;Catalu�a;Girona;;Porcentaje de poblaci�n que sale del �rea;16/6/2020;16,39
Total Nacional;Catalu�a;Girona;;Porcentaje de poblaci�n que sale del �rea;15/6/2020;16,59
Total Nacional;Catalu�a;Girona;;Porcentaje de poblaci�n que sale del �rea;14/6/2020;14,56
Total Nacional;Catalu�a;Girona;;Porcentaje de poblaci�n que sale del �rea;13/6/2020;14,69
Total Nacional;Catalu�a;Girona;;Porcentaje de poblaci�n que sale del �rea;12/6/2020;16
Total Nacional;Catalu�a;Girona;;Porcentaje de poblaci�n que sale del �rea;11/6/2020;16,38
Total Nacional;Catalu�a;Girona;;Porcentaje de poblaci�n que sale del �rea;10/6/2020;16,34
Total Nacional;Catalu�a;Girona;;Porcentaje de poblaci�n que sale del �rea;9/6/2020;14,01
Total Nacional;Catalu�a;Girona;;Porcentaje de poblaci�n que sale del �rea;8/6/2020;13,93
Total Nacional;Catalu�a;Girona;;Porcentaje de poblaci�n que sale del �rea;7/6/2020;10,95
Total Nacional;Catalu�a;Girona;;Porcentaje de poblaci�n que sale del �rea;6/6/2020;14,6
Total Nacional;Catalu�a;Girona;;Porcentaje de poblaci�n que sale del �rea;5/6/2020;15,92
Total Nacional;Catalu�a;Girona;;Porcentaje de poblaci�n que sale del �rea;4/6/2020;15,03
Total Nacional;Catalu�a;Girona;;Porcentaje de poblaci�n que sale del �rea;3/6/2020;15,6
Total Nacional;Catalu�a;Girona;;Porcentaje de poblaci�n que sale del �rea;2/6/2020;15,18
Total Nacional;Catalu�a;Girona;;Porcentaje de poblaci�n que sale del �rea;1/6/2020;13,97
Total Nacional;Catalu�a;Girona;;Porcentaje de poblaci�n que sale del �rea;31/5/2020;11,45
Total Nacional;Catalu�a;Girona;;Porcentaje de poblaci�n que sale del �rea;30/5/2020;12,8
Total Nacional;Catalu�a;Girona;;Porcentaje de poblaci�n que sale del �rea;29/5/2020;15,1
Total Nacional;Catalu�a;Girona;;Porcentaje de poblaci�n que sale del �rea;28/5/2020;15,02
Total Nacional;Catalu�a;Girona;;Porcentaje de poblaci�n que sale del �rea;27/5/2020;14,87
Total Nacional;Catalu�a;Girona;;Porcentaje de poblaci�n que sale del �rea;26/5/2020;14,45
Total Nacional;Catalu�a;Girona;;Porcentaje de poblaci�n que sale del �rea;25/5/2020;13,9
Total Nacional;Catalu�a;Girona;;Porcentaje de poblaci�n que sale del �rea;24/5/2020;10,24
Total Nacional;Catalu�a;Girona;;Porcentaje de poblaci�n que sale del �rea;23/5/2020;12,17
Total Nacional;Catalu�a;Girona;;Porcentaje de poblaci�n que sale del �rea;22/5/2020;14,33
Total Nacional;Catalu�a;Girona;;Porcentaje de poblaci�n que sale del �rea;21/5/2020;14,32
Total Nacional;Catalu�a;Girona;;Porcentaje de poblaci�n que sale del �rea;20/5/2020;14,12
Total Nacional;Catalu�a;Girona;;Porcentaje de poblaci�n que sale del �rea;19/5/2020;14,17
Total Nacional;Catalu�a;Girona;;Porcentaje de poblaci�n que sale del �rea;18/5/2020;12,86
Total Nacional;Catalu�a;Girona;;Porcentaje de poblaci�n que sale del �rea;17/5/2020;5,76
Total Nacional;Catalu�a;Girona;;Porcentaje de poblaci�n que sale del �rea;16/5/2020;7,76
Total Nacional;Catalu�a;Girona;;Porcentaje de poblaci�n que sale del �rea;15/5/2020;11,55
Total Nacional;Catalu�a;Girona;;Porcentaje de poblaci�n que sale del �rea;14/5/2020;12,17
Total Nacional;Catalu�a;Girona;;Porcentaje de poblaci�n que sale del �rea;13/5/2020;12,2
Total Nacional;Catalu�a;Girona;;Porcentaje de poblaci�n que sale del �rea;12/5/2020;12,17
Total Nacional;Catalu�a;Girona;;Porcentaje de poblaci�n que sale del �rea;11/5/2020;11,13
Total Nacional;Catalu�a;Girona;;Porcentaje de poblaci�n que sale del �rea;10/5/2020;5,12
Total Nacional;Catalu�a;Girona;;Porcentaje de poblaci�n que sale del �rea;9/5/2020;6,42
Total Nacional;Catalu�a;Girona;;Porcentaje de poblaci�n que sale del �rea;8/5/2020;11,53
Total Nacional;Catalu�a;Girona;;Porcentaje de poblaci�n que sale del �rea;7/5/2020;11,42
Total Nacional;Catalu�a;Girona;;Porcentaje de poblaci�n que sale del �rea;6/5/2020;11,31
Total Nacional;Catalu�a;Girona;;Porcentaje de poblaci�n que sale del �rea;5/5/2020;11,73
Total Nacional;Catalu�a;Girona;;Porcentaje de poblaci�n que sale del �rea;4/5/2020;10,88
Total Nacional;Catalu�a;Girona;;Porcentaje de poblaci�n que sale del �rea;3/5/2020;5,59
Total Nacional;Catalu�a;Girona;;Porcentaje de poblaci�n que sale del �rea;2/5/2020;6,3
Total Nacional;Catalu�a;Girona;;Porcentaje de poblaci�n que sale del �rea;1/5/2020;5,89
Total Nacional;Catalu�a;Girona;;Porcentaje de poblaci�n que sale del �rea;30/4/2020;10,09
Total Nacional;Catalu�a;Girona;;Porcentaje de poblaci�n que sale del �rea;29/4/2020;10
Total Nacional;Catalu�a;Girona;;Porcentaje de poblaci�n que sale del �rea;28/4/2020;9,81
Total Nacional;Catalu�a;Girona;;Porcentaje de poblaci�n que sale del �rea;27/4/2020;9,41
Total Nacional;Catalu�a;Girona;;Porcentaje de poblaci�n que sale del �rea;26/4/2020;4,64
Total Nacional;Catalu�a;Girona;;Porcentaje de poblaci�n que sale del �rea;25/4/2020;6,38
Total Nacional;Catalu�a;Girona;;Porcentaje de poblaci�n que sale del �rea;24/4/2020;9,67
Total Nacional;Catalu�a;Girona;;Porcentaje de poblaci�n que sale del �rea;23/4/2020;9,47
Total Nacional;Catalu�a;Girona;;Porcentaje de poblaci�n que sale del �rea;22/4/2020;9,89
Total Nacional;Catalu�a;Girona;;Porcentaje de poblaci�n que sale del �rea;21/4/2020;9,02
Total Nacional;Catalu�a;Girona;;Porcentaje de poblaci�n que sale del �rea;20/4/2020;8,99
Total Nacional;Catalu�a;Girona;;Porcentaje de poblaci�n que sale del �rea;19/4/2020;4,37
Total Nacional;Catalu�a;Girona;;Porcentaje de poblaci�n que sale del �rea;18/4/2020;6,19
Total Nacional;Catalu�a;Girona;;Porcentaje de poblaci�n que sale del �rea;17/4/2020;9,35
Total Nacional;Catalu�a;Girona;;Porcentaje de poblaci�n que sale del �rea;16/4/2020;9,83
Total Nacional;Catalu�a;Girona;;Porcentaje de poblaci�n que sale del �rea;15/4/2020;9,22
Total Nacional;Catalu�a;Girona;;Porcentaje de poblaci�n que sale del �rea;14/4/2020;8,65
Total Nacional;Catalu�a;Girona;;Porcentaje de poblaci�n que sale del �rea;13/4/2020;4,37
Total Nacional;Catalu�a;Girona;;Porcentaje de poblaci�n que sale del �rea;12/4/2020;4,44
Total Nacional;Catalu�a;Girona;;Porcentaje de poblaci�n que sale del �rea;11/4/2020;5,19
Total Nacional;Catalu�a;Girona;;Porcentaje de poblaci�n que sale del �rea;10/4/2020;5,01
Total Nacional;Catalu�a;Girona;;Porcentaje de poblaci�n que sale del �rea;9/4/2020;7,38
Total Nacional;Catalu�a;Girona;;Porcentaje de poblaci�n que sale del �rea;8/4/2020;7,61
Total Nacional;Catalu�a;Girona;;Porcentaje de poblaci�n que sale del �rea;7/4/2020;7,56
Total Nacional;Catalu�a;Girona;;Porcentaje de poblaci�n que sale del �rea;6/4/2020;7
Total Nacional;Catalu�a;Girona;;Porcentaje de poblaci�n que sale del �rea;5/4/2020;4,2
Total Nacional;Catalu�a;Girona;;Porcentaje de poblaci�n que sale del �rea;4/4/2020;5,55
Total Nacional;Catalu�a;Girona;;Porcentaje de poblaci�n que sale del �rea;3/4/2020;7,83
Total Nacional;Catalu�a;Girona;;Porcentaje de poblaci�n que sale del �rea;2/4/2020;7,14
Total Nacional;Catalu�a;Girona;;Porcentaje de poblaci�n que sale del �rea;1/4/2020;6,98
Total Nacional;Catalu�a;Girona;;Porcentaje de poblaci�n que sale del �rea;31/3/2020;7,24
Total Nacional;Catalu�a;Girona;;Porcentaje de poblaci�n que sale del �rea;30/3/2020;7,29
Total Nacional;Catalu�a;Girona;;Porcentaje de poblaci�n que sale del �rea;28/3/2020;5,92
Total Nacional;Catalu�a;Girona;;Porcentaje de poblaci�n que sale del �rea;26/3/2020;8,79
Total Nacional;Catalu�a;Girona;;Porcentaje de poblaci�n que sale del �rea;24/3/2020;8,89
Total Nacional;Catalu�a;Girona;;Porcentaje de poblaci�n que sale del �rea;22/3/2020;4,16
Total Nacional;Catalu�a;Girona;;Porcentaje de poblaci�n que sale del �rea;20/3/2020;9,51
Total Nacional;Catalu�a;Girona;;Porcentaje de poblaci�n que sale del �rea;18/3/2020;10,11
Total Nacional;Catalu�a;Girona;;Porcentaje de poblaci�n que sale del �rea;16/3/2020;10,91
Total Nacional;Catalu�a;Girona;;Porcentaje de poblaci�n que sale del �rea;18/11/2019;25,56
Total Nacional;Catalu�a;Lleida;;Porcentaje de poblaci�n que sale del �rea;29/12/2021;12,58
Total Nacional;Catalu�a;Lleida;;Porcentaje de poblaci�n que sale del �rea;26/12/2021;8,4
Total Nacional;Catalu�a;Lleida;;Porcentaje de poblaci�n que sale del �rea;22/12/2021;14,02
Total Nacional;Catalu�a;Lleida;;Porcentaje de poblaci�n que sale del �rea;19/12/2021;9,57
Total Nacional;Catalu�a;Lleida;;Porcentaje de poblaci�n que sale del �rea;15/12/2021;15,03
Total Nacional;Catalu�a;Lleida;;Porcentaje de poblaci�n que sale del �rea;12/12/2021;9,99
Total Nacional;Catalu�a;Lleida;;Porcentaje de poblaci�n que sale del �rea;8/12/2021;10,79
Total Nacional;Catalu�a;Lleida;;Porcentaje de poblaci�n que sale del �rea;1/12/2021;15,61
Total Nacional;Catalu�a;Lleida;;Porcentaje de poblaci�n que sale del �rea;28/11/2021;9,72
Total Nacional;Catalu�a;Lleida;;Porcentaje de poblaci�n que sale del �rea;24/11/2021;14,23
Total Nacional;Catalu�a;Lleida;;Porcentaje de poblaci�n que sale del �rea;21/11/2021;9,82
Total Nacional;Catalu�a;Lleida;;Porcentaje de poblaci�n que sale del �rea;17/11/2021;14,99
Total Nacional;Catalu�a;Lleida;;Porcentaje de poblaci�n que sale del �rea;14/11/2021;10,24
Total Nacional;Catalu�a;Lleida;;Porcentaje de poblaci�n que sale del �rea;10/11/2021;14,54
Total Nacional;Catalu�a;Lleida;;Porcentaje de poblaci�n que sale del �rea;7/11/2021;10,19
Total Nacional;Catalu�a;Lleida;;Porcentaje de poblaci�n que sale del �rea;3/11/2021;11,94
Total Nacional;Catalu�a;Lleida;;Porcentaje de poblaci�n que sale del �rea;31/10/2021;10,76
Total Nacional;Catalu�a;Lleida;;Porcentaje de poblaci�n que sale del �rea;27/10/2021;14,68
Total Nacional;Catalu�a;Lleida;;Porcentaje de poblaci�n que sale del �rea;24/10/2021;10,72
Total Nacional;Catalu�a;Lleida;;Porcentaje de poblaci�n que sale del �rea;20/10/2021;14,84
Total Nacional;Catalu�a;Lleida;;Porcentaje de poblaci�n que sale del �rea;17/10/2021;10,63
Total Nacional;Catalu�a;Lleida;;Porcentaje de poblaci�n que sale del �rea;13/10/2021;14,13
Total Nacional;Catalu�a;Lleida;;Porcentaje de poblaci�n que sale del �rea;10/10/2021;11,47
Total Nacional;Catalu�a;Lleida;;Porcentaje de poblaci�n que sale del �rea;6/10/2021;15,2
Total Nacional;Catalu�a;Lleida;;Porcentaje de poblaci�n que sale del �rea;3/10/2021;8,96
Total Nacional;Catalu�a;Lleida;;Porcentaje de poblaci�n que sale del �rea;29/9/2021;14,49
Total Nacional;Catalu�a;Lleida;;Porcentaje de poblaci�n que sale del �rea;26/9/2021;11,3
Total Nacional;Catalu�a;Lleida;;Porcentaje de poblaci�n que sale del �rea;22/9/2021;14,99
Total Nacional;Catalu�a;Lleida;;Porcentaje de poblaci�n que sale del �rea;19/9/2021;10,49
Total Nacional;Catalu�a;Lleida;;Porcentaje de poblaci�n que sale del �rea;15/9/2021;15,08
Total Nacional;Catalu�a;Lleida;;Porcentaje de poblaci�n que sale del �rea;12/9/2021;10,38
Total Nacional;Catalu�a;Lleida;;Porcentaje de poblaci�n que sale del �rea;8/9/2021;13,86
Total Nacional;Catalu�a;Lleida;;Porcentaje de poblaci�n que sale del �rea;5/9/2021;10,49
Total Nacional;Catalu�a;Lleida;;Porcentaje de poblaci�n que sale del �rea;1/9/2021;13,26
Total Nacional;Catalu�a;Lleida;;Porcentaje de poblaci�n que sale del �rea;29/8/2021;10,28
Total Nacional;Catalu�a;Lleida;;Porcentaje de poblaci�n que sale del �rea;25/8/2021;13,38
Total Nacional;Catalu�a;Lleida;;Porcentaje de poblaci�n que sale del �rea;22/8/2021;10,37
Total Nacional;Catalu�a;Lleida;;Porcentaje de poblaci�n que sale del �rea;18/8/2021;13,38
Total Nacional;Catalu�a;Lleida;;Porcentaje de poblaci�n que sale del �rea;15/8/2021;10,11
Total Nacional;Catalu�a;Lleida;;Porcentaje de poblaci�n que sale del �rea;11/8/2021;13,41
Total Nacional;Catalu�a;Lleida;;Porcentaje de poblaci�n que sale del �rea;8/8/2021;10,31
Total Nacional;Catalu�a;Lleida;;Porcentaje de poblaci�n que sale del �rea;4/8/2021;13,06
Total Nacional;Catalu�a;Lleida;;Porcentaje de poblaci�n que sale del �rea;1/8/2021;10,25
Total Nacional;Catalu�a;Lleida;;Porcentaje de poblaci�n que sale del �rea;28/7/2021;14,13
Total Nacional;Catalu�a;Lleida;;Porcentaje de poblaci�n que sale del �rea;25/7/2021;10,29
Total Nacional;Catalu�a;Lleida;;Porcentaje de poblaci�n que sale del �rea;21/7/2021;14,22
Total Nacional;Catalu�a;Lleida;;Porcentaje de poblaci�n que sale del �rea;18/7/2021;9,49
Total Nacional;Catalu�a;Lleida;;Porcentaje de poblaci�n que sale del �rea;14/7/2021;14,29
Total Nacional;Catalu�a;Lleida;;Porcentaje de poblaci�n que sale del �rea;11/7/2021;10,36
Total Nacional;Catalu�a;Lleida;;Porcentaje de poblaci�n que sale del �rea;7/7/2021;14,19
Total Nacional;Catalu�a;Lleida;;Porcentaje de poblaci�n que sale del �rea;4/7/2021;10,21
Total Nacional;Catalu�a;Lleida;;Porcentaje de poblaci�n que sale del �rea;30/6/2021;14,48
Total Nacional;Catalu�a;Lleida;;Porcentaje de poblaci�n que sale del �rea;27/6/2021;10,95
Total Nacional;Catalu�a;Lleida;;Porcentaje de poblaci�n que sale del �rea;23/6/2021;10,96
Total Nacional;Catalu�a;Lleida;;Porcentaje de poblaci�n que sale del �rea;20/6/2021;9,6
Total Nacional;Catalu�a;Lleida;;Porcentaje de poblaci�n que sale del �rea;16/6/2021;15,26
Total Nacional;Catalu�a;Lleida;;Porcentaje de poblaci�n que sale del �rea;13/6/2021;10,98
Total Nacional;Catalu�a;Lleida;;Porcentaje de poblaci�n que sale del �rea;9/6/2021;14,97
Total Nacional;Catalu�a;Lleida;;Porcentaje de poblaci�n que sale del �rea;6/6/2021;10,36
Total Nacional;Catalu�a;Lleida;;Porcentaje de poblaci�n que sale del �rea;2/6/2021;14,83
Total Nacional;Catalu�a;Lleida;;Porcentaje de poblaci�n que sale del �rea;30/5/2021;8,71
Total Nacional;Catalu�a;Lleida;;Porcentaje de poblaci�n que sale del �rea;26/5/2021;14,15
Total Nacional;Catalu�a;Lleida;;Porcentaje de poblaci�n que sale del �rea;23/5/2021;8,05
Total Nacional;Catalu�a;Lleida;;Porcentaje de poblaci�n que sale del �rea;19/5/2021;15,23
Total Nacional;Catalu�a;Lleida;;Porcentaje de poblaci�n que sale del �rea;16/5/2021;11,01
Total Nacional;Catalu�a;Lleida;;Porcentaje de poblaci�n que sale del �rea;12/5/2021;13,63
Total Nacional;Catalu�a;Lleida;;Porcentaje de poblaci�n que sale del �rea;9/5/2021;10,62
Total Nacional;Catalu�a;Lleida;;Porcentaje de poblaci�n que sale del �rea;5/5/2021;14,81
Total Nacional;Catalu�a;Lleida;;Porcentaje de poblaci�n que sale del �rea;2/5/2021;6,53
Total Nacional;Catalu�a;Lleida;;Porcentaje de poblaci�n que sale del �rea;28/4/2021;14,21
Total Nacional;Catalu�a;Lleida;;Porcentaje de poblaci�n que sale del �rea;25/4/2021;6,19
Total Nacional;Catalu�a;Lleida;;Porcentaje de poblaci�n que sale del �rea;21/4/2021;13,84
Total Nacional;Catalu�a;Lleida;;Porcentaje de poblaci�n que sale del �rea;18/4/2021;8,59
Total Nacional;Catalu�a;Lleida;;Porcentaje de poblaci�n que sale del �rea;14/4/2021;15,23
Total Nacional;Catalu�a;Lleida;;Porcentaje de poblaci�n que sale del �rea;11/4/2021;7,55
Total Nacional;Catalu�a;Lleida;;Porcentaje de poblaci�n que sale del �rea;7/4/2021;15,34
Total Nacional;Catalu�a;Lleida;;Porcentaje de poblaci�n que sale del �rea;4/4/2021;11,8
Total Nacional;Catalu�a;Lleida;;Porcentaje de poblaci�n que sale del �rea;31/3/2021;15,74
Total Nacional;Catalu�a;Lleida;;Porcentaje de poblaci�n que sale del �rea;28/3/2021;9,13
Total Nacional;Catalu�a;Lleida;;Porcentaje de poblaci�n que sale del �rea;24/3/2021;16
Total Nacional;Catalu�a;Lleida;;Porcentaje de poblaci�n que sale del �rea;21/3/2021;11,36
Total Nacional;Catalu�a;Lleida;;Porcentaje de poblaci�n que sale del �rea;17/3/2021;16,57
Total Nacional;Catalu�a;Lleida;;Porcentaje de poblaci�n que sale del �rea;14/3/2021;9,5
Total Nacional;Catalu�a;Lleida;;Porcentaje de poblaci�n que sale del �rea;10/3/2021;15,84
Total Nacional;Catalu�a;Lleida;;Porcentaje de poblaci�n que sale del �rea;7/3/2021;8,86
Total Nacional;Catalu�a;Lleida;;Porcentaje de poblaci�n que sale del �rea;3/3/2021;15,96
Total Nacional;Catalu�a;Lleida;;Porcentaje de poblaci�n que sale del �rea;28/2/2021;8,49
Total Nacional;Catalu�a;Lleida;;Porcentaje de poblaci�n que sale del �rea;24/2/2021;15,93
Total Nacional;Catalu�a;Lleida;;Porcentaje de poblaci�n que sale del �rea;21/2/2021;8,16
Total Nacional;Catalu�a;Lleida;;Porcentaje de poblaci�n que sale del �rea;17/2/2021;15,79
Total Nacional;Catalu�a;Lleida;;Porcentaje de poblaci�n que sale del �rea;14/2/2021;8,29
Total Nacional;Catalu�a;Lleida;;Porcentaje de poblaci�n que sale del �rea;10/2/2021;15,13
Total Nacional;Catalu�a;Lleida;;Porcentaje de poblaci�n que sale del �rea;7/2/2021;7,38
Total Nacional;Catalu�a;Lleida;;Porcentaje de poblaci�n que sale del �rea;3/2/2021;15,48
Total Nacional;Catalu�a;Lleida;;Porcentaje de poblaci�n que sale del �rea;31/1/2021;6,93
Total Nacional;Catalu�a;Lleida;;Porcentaje de poblaci�n que sale del �rea;27/1/2021;15,19
Total Nacional;Catalu�a;Lleida;;Porcentaje de poblaci�n que sale del �rea;24/1/2021;6,72
Total Nacional;Catalu�a;Lleida;;Porcentaje de poblaci�n que sale del �rea;20/1/2021;14,8
Total Nacional;Catalu�a;Lleida;;Porcentaje de poblaci�n que sale del �rea;17/1/2021;6,58
Total Nacional;Catalu�a;Lleida;;Porcentaje de poblaci�n que sale del �rea;13/1/2021;13,22
Total Nacional;Catalu�a;Lleida;;Porcentaje de poblaci�n que sale del �rea;10/1/2021;5,75
Total Nacional;Catalu�a;Lleida;;Porcentaje de poblaci�n que sale del �rea;6/1/2021;9,39
Total Nacional;Catalu�a;Lleida;;Porcentaje de poblaci�n que sale del �rea;3/1/2021;8,5
Total Nacional;Catalu�a;Lleida;;Porcentaje de poblaci�n que sale del �rea;30/12/2020;16,23
Total Nacional;Catalu�a;Lleida;;Porcentaje de poblaci�n que sale del �rea;27/12/2020;10,34
Total Nacional;Catalu�a;Lleida;;Porcentaje de poblaci�n que sale del �rea;23/12/2020;17,5
Total Nacional;Catalu�a;Lleida;;Porcentaje de poblaci�n que sale del �rea;20/12/2020;9,53
Total Nacional;Catalu�a;Lleida;;Porcentaje de poblaci�n que sale del �rea;16/12/2020;19,3
Total Nacional;Catalu�a;Lleida;;Porcentaje de poblaci�n que sale del �rea;13/12/2020;9,25
Total Nacional;Catalu�a;Lleida;;Porcentaje de poblaci�n que sale del �rea;9/12/2020;18,19
Total Nacional;Catalu�a;Lleida;;Porcentaje de poblaci�n que sale del �rea;6/12/2020;9
Total Nacional;Catalu�a;Lleida;;Porcentaje de poblaci�n que sale del �rea;2/12/2020;18,9
Total Nacional;Catalu�a;Lleida;;Porcentaje de poblaci�n que sale del �rea;29/11/2020;8,8
Total Nacional;Catalu�a;Lleida;;Porcentaje de poblaci�n que sale del �rea;25/11/2020;18,54
Total Nacional;Catalu�a;Lleida;;Porcentaje de poblaci�n que sale del �rea;22/11/2020;8,51
Total Nacional;Catalu�a;Lleida;;Porcentaje de poblaci�n que sale del �rea;18/11/2020;18,73
Total Nacional;Catalu�a;Lleida;;Porcentaje de poblaci�n que sale del �rea;15/11/2020;7,84
Total Nacional;Catalu�a;Lleida;;Porcentaje de poblaci�n que sale del �rea;11/11/2020;17,43
Total Nacional;Catalu�a;Lleida;;Porcentaje de poblaci�n que sale del �rea;8/11/2020;7,25
Total Nacional;Catalu�a;Lleida;;Porcentaje de poblaci�n que sale del �rea;4/11/2020;17,34
Total Nacional;Catalu�a;Lleida;;Porcentaje de poblaci�n que sale del �rea;1/11/2020;8,26
Total Nacional;Catalu�a;Lleida;;Porcentaje de poblaci�n que sale del �rea;28/10/2020;18,47
Total Nacional;Catalu�a;Lleida;;Porcentaje de poblaci�n que sale del �rea;25/10/2020;12,41
Total Nacional;Catalu�a;Lleida;;Porcentaje de poblaci�n que sale del �rea;21/10/2020;18,58
Total Nacional;Catalu�a;Lleida;;Porcentaje de poblaci�n que sale del �rea;18/10/2020;12,3
Total Nacional;Catalu�a;Lleida;;Porcentaje de poblaci�n que sale del �rea;14/10/2020;20,02
Total Nacional;Catalu�a;Lleida;;Porcentaje de poblaci�n que sale del �rea;11/10/2020;15,73
Total Nacional;Catalu�a;Lleida;;Porcentaje de poblaci�n que sale del �rea;7/10/2020;20,11
Total Nacional;Catalu�a;Lleida;;Porcentaje de poblaci�n que sale del �rea;4/10/2020;13,83
Total Nacional;Catalu�a;Lleida;;Porcentaje de poblaci�n que sale del �rea;30/9/2020;17,78
Total Nacional;Catalu�a;Lleida;;Porcentaje de poblaci�n que sale del �rea;27/9/2020;11,56
Total Nacional;Catalu�a;Lleida;;Porcentaje de poblaci�n que sale del �rea;23/9/2020;20,18
Total Nacional;Catalu�a;Lleida;;Porcentaje de poblaci�n que sale del �rea;20/9/2020;14,31
Total Nacional;Catalu�a;Lleida;;Porcentaje de poblaci�n que sale del �rea;16/9/2020;20,45
Total Nacional;Catalu�a;Lleida;;Porcentaje de poblaci�n que sale del �rea;13/9/2020;14,12
Total Nacional;Catalu�a;Lleida;;Porcentaje de poblaci�n que sale del �rea;9/9/2020;19,22
Total Nacional;Catalu�a;Lleida;;Porcentaje de poblaci�n que sale del �rea;6/9/2020;14,42
Total Nacional;Catalu�a;Lleida;;Porcentaje de poblaci�n que sale del �rea;2/9/2020;18,1
Total Nacional;Catalu�a;Lleida;;Porcentaje de poblaci�n que sale del �rea;30/8/2020;13,9
Total Nacional;Catalu�a;Lleida;;Porcentaje de poblaci�n que sale del �rea;26/8/2020;18,83
Total Nacional;Catalu�a;Lleida;;Porcentaje de poblaci�n que sale del �rea;23/8/2020;11,56
Total Nacional;Catalu�a;Lleida;;Porcentaje de poblaci�n que sale del �rea;19/8/2020;18,63
Total Nacional;Catalu�a;Lleida;;Porcentaje de poblaci�n que sale del �rea;16/8/2020;13,24
Total Nacional;Catalu�a;Lleida;;Porcentaje de poblaci�n que sale del �rea;12/8/2020;18,14
Total Nacional;Catalu�a;Lleida;;Porcentaje de poblaci�n que sale del �rea;9/8/2020;13,54
Total Nacional;Catalu�a;Lleida;;Porcentaje de poblaci�n que sale del �rea;5/8/2020;18,63
Total Nacional;Catalu�a;Lleida;;Porcentaje de poblaci�n que sale del �rea;2/8/2020;13,44
Total Nacional;Catalu�a;Lleida;;Porcentaje de poblaci�n que sale del �rea;29/7/2020;18,48
Total Nacional;Catalu�a;Lleida;;Porcentaje de poblaci�n que sale del �rea;26/7/2020;12,55
Total Nacional;Catalu�a;Lleida;;Porcentaje de poblaci�n que sale del �rea;22/7/2020;17,75
Total Nacional;Catalu�a;Lleida;;Porcentaje de poblaci�n que sale del �rea;19/7/2020;11,8
Total Nacional;Catalu�a;Lleida;;Porcentaje de poblaci�n que sale del �rea;15/7/2020;18,41
Total Nacional;Catalu�a;Lleida;;Porcentaje de poblaci�n que sale del �rea;12/7/2020;12,64
Total Nacional;Catalu�a;Lleida;;Porcentaje de poblaci�n que sale del �rea;8/7/2020;19,44
Total Nacional;Catalu�a;Lleida;;Porcentaje de poblaci�n que sale del �rea;5/7/2020;13,05
Total Nacional;Catalu�a;Lleida;;Porcentaje de poblaci�n que sale del �rea;1/7/2020;20,68
Total Nacional;Catalu�a;Lleida;;Porcentaje de poblaci�n que sale del �rea;28/6/2020;15,11
Total Nacional;Catalu�a;Lleida;;Porcentaje de poblaci�n que sale del �rea;24/6/2020;15,17
Total Nacional;Catalu�a;Lleida;;Porcentaje de poblaci�n que sale del �rea;20/6/2020;16,99
Total Nacional;Catalu�a;Lleida;;Porcentaje de poblaci�n que sale del �rea;19/6/2020;19,23
Total Nacional;Catalu�a;Lleida;;Porcentaje de poblaci�n que sale del �rea;18/6/2020;18,59
Total Nacional;Catalu�a;Lleida;;Porcentaje de poblaci�n que sale del �rea;17/6/2020;18,75
Total Nacional;Catalu�a;Lleida;;Porcentaje de poblaci�n que sale del �rea;16/6/2020;17,79
Total Nacional;Catalu�a;Lleida;;Porcentaje de poblaci�n que sale del �rea;15/6/2020;18,24
Total Nacional;Catalu�a;Lleida;;Porcentaje de poblaci�n que sale del �rea;14/6/2020;13,39
Total Nacional;Catalu�a;Lleida;;Porcentaje de poblaci�n que sale del �rea;13/6/2020;15,33
Total Nacional;Catalu�a;Lleida;;Porcentaje de poblaci�n que sale del �rea;12/6/2020;17,71
Total Nacional;Catalu�a;Lleida;;Porcentaje de poblaci�n que sale del �rea;11/6/2020;18,17
Total Nacional;Catalu�a;Lleida;;Porcentaje de poblaci�n que sale del �rea;10/6/2020;18,16
Total Nacional;Catalu�a;Lleida;;Porcentaje de poblaci�n que sale del �rea;9/6/2020;15,97
Total Nacional;Catalu�a;Lleida;;Porcentaje de poblaci�n que sale del �rea;8/6/2020;16
Total Nacional;Catalu�a;Lleida;;Porcentaje de poblaci�n que sale del �rea;7/6/2020;11,15
Total Nacional;Catalu�a;Lleida;;Porcentaje de poblaci�n que sale del �rea;6/6/2020;14,82
Total Nacional;Catalu�a;Lleida;;Porcentaje de poblaci�n que sale del �rea;5/6/2020;17,63
Total Nacional;Catalu�a;Lleida;;Porcentaje de poblaci�n que sale del �rea;4/6/2020;16,97
Total Nacional;Catalu�a;Lleida;;Porcentaje de poblaci�n que sale del �rea;3/6/2020;17,6
Total Nacional;Catalu�a;Lleida;;Porcentaje de poblaci�n que sale del �rea;2/6/2020;17,82
Total Nacional;Catalu�a;Lleida;;Porcentaje de poblaci�n que sale del �rea;1/6/2020;16,4
Total Nacional;Catalu�a;Lleida;;Porcentaje de poblaci�n que sale del �rea;31/5/2020;11,38
Total Nacional;Catalu�a;Lleida;;Porcentaje de poblaci�n que sale del �rea;30/5/2020;13,84
Total Nacional;Catalu�a;Lleida;;Porcentaje de poblaci�n que sale del �rea;29/5/2020;17
Total Nacional;Catalu�a;Lleida;;Porcentaje de poblaci�n que sale del �rea;28/5/2020;17,03
Total Nacional;Catalu�a;Lleida;;Porcentaje de poblaci�n que sale del �rea;27/5/2020;16,89
Total Nacional;Catalu�a;Lleida;;Porcentaje de poblaci�n que sale del �rea;26/5/2020;16,59
Total Nacional;Catalu�a;Lleida;;Porcentaje de poblaci�n que sale del �rea;25/5/2020;15,97
Total Nacional;Catalu�a;Lleida;;Porcentaje de poblaci�n que sale del �rea;24/5/2020;11,18
Total Nacional;Catalu�a;Lleida;;Porcentaje de poblaci�n que sale del �rea;23/5/2020;13,6
Total Nacional;Catalu�a;Lleida;;Porcentaje de poblaci�n que sale del �rea;22/5/2020;16,53
Total Nacional;Catalu�a;Lleida;;Porcentaje de poblaci�n que sale del �rea;21/5/2020;16,46
Total Nacional;Catalu�a;Lleida;;Porcentaje de poblaci�n que sale del �rea;20/5/2020;16,2
Total Nacional;Catalu�a;Lleida;;Porcentaje de poblaci�n que sale del �rea;19/5/2020;16,16
Total Nacional;Catalu�a;Lleida;;Porcentaje de poblaci�n que sale del �rea;18/5/2020;14,72
Total Nacional;Catalu�a;Lleida;;Porcentaje de poblaci�n que sale del �rea;17/5/2020;7,73
Total Nacional;Catalu�a;Lleida;;Porcentaje de poblaci�n que sale del �rea;16/5/2020;9,53
Total Nacional;Catalu�a;Lleida;;Porcentaje de poblaci�n que sale del �rea;15/5/2020;13,41
Total Nacional;Catalu�a;Lleida;;Porcentaje de poblaci�n que sale del �rea;14/5/2020;14,25
Total Nacional;Catalu�a;Lleida;;Porcentaje de poblaci�n que sale del �rea;13/5/2020;14,63
Total Nacional;Catalu�a;Lleida;;Porcentaje de poblaci�n que sale del �rea;12/5/2020;14,89
Total Nacional;Catalu�a;Lleida;;Porcentaje de poblaci�n que sale del �rea;11/5/2020;11,22
Total Nacional;Catalu�a;Lleida;;Porcentaje de poblaci�n que sale del �rea;10/5/2020;6,79
Total Nacional;Catalu�a;Lleida;;Porcentaje de poblaci�n que sale del �rea;9/5/2020;8,32
Total Nacional;Catalu�a;Lleida;;Porcentaje de poblaci�n que sale del �rea;8/5/2020;14,08
Total Nacional;Catalu�a;Lleida;;Porcentaje de poblaci�n que sale del �rea;7/5/2020;13,74
Total Nacional;Catalu�a;Lleida;;Porcentaje de poblaci�n que sale del �rea;6/5/2020;13,77
Total Nacional;Catalu�a;Lleida;;Porcentaje de poblaci�n que sale del �rea;5/5/2020;13,92
Total Nacional;Catalu�a;Lleida;;Porcentaje de poblaci�n que sale del �rea;4/5/2020;13,27
Total Nacional;Catalu�a;Lleida;;Porcentaje de poblaci�n que sale del �rea;3/5/2020;7,27
Total Nacional;Catalu�a;Lleida;;Porcentaje de poblaci�n que sale del �rea;2/5/2020;8,18
Total Nacional;Catalu�a;Lleida;;Porcentaje de poblaci�n que sale del �rea;1/5/2020;7,85
Total Nacional;Catalu�a;Lleida;;Porcentaje de poblaci�n que sale del �rea;30/4/2020;12,26
Total Nacional;Catalu�a;Lleida;;Porcentaje de poblaci�n que sale del �rea;29/4/2020;12,18
Total Nacional;Catalu�a;Lleida;;Porcentaje de poblaci�n que sale del �rea;28/4/2020;11,83
Total Nacional;Catalu�a;Lleida;;Porcentaje de poblaci�n que sale del �rea;27/4/2020;10,92
Total Nacional;Catalu�a;Lleida;;Porcentaje de poblaci�n que sale del �rea;26/4/2020;5,66
Total Nacional;Catalu�a;Lleida;;Porcentaje de poblaci�n que sale del �rea;25/4/2020;8,08
Total Nacional;Catalu�a;Lleida;;Porcentaje de poblaci�n que sale del �rea;24/4/2020;11,64
Total Nacional;Catalu�a;Lleida;;Porcentaje de poblaci�n que sale del �rea;23/4/2020;11,31
Total Nacional;Catalu�a;Lleida;;Porcentaje de poblaci�n que sale del �rea;22/4/2020;11,62
Total Nacional;Catalu�a;Lleida;;Porcentaje de poblaci�n que sale del �rea;21/4/2020;10,68
Total Nacional;Catalu�a;Lleida;;Porcentaje de poblaci�n que sale del �rea;20/4/2020;10,4
Total Nacional;Catalu�a;Lleida;;Porcentaje de poblaci�n que sale del �rea;19/4/2020;5,46
Total Nacional;Catalu�a;Lleida;;Porcentaje de poblaci�n que sale del �rea;18/4/2020;8
Total Nacional;Catalu�a;Lleida;;Porcentaje de poblaci�n que sale del �rea;17/4/2020;11,4
Total Nacional;Catalu�a;Lleida;;Porcentaje de poblaci�n que sale del �rea;16/4/2020;11,73
Total Nacional;Catalu�a;Lleida;;Porcentaje de poblaci�n que sale del �rea;15/4/2020;11,33
Total Nacional;Catalu�a;Lleida;;Porcentaje de poblaci�n que sale del �rea;14/4/2020;10,46
Total Nacional;Catalu�a;Lleida;;Porcentaje de poblaci�n que sale del �rea;13/4/2020;5,63
Total Nacional;Catalu�a;Lleida;;Porcentaje de poblaci�n que sale del �rea;12/4/2020;5,47
Total Nacional;Catalu�a;Lleida;;Porcentaje de poblaci�n que sale del �rea;11/4/2020;6,89
Total Nacional;Catalu�a;Lleida;;Porcentaje de poblaci�n que sale del �rea;10/4/2020;6,48
Total Nacional;Catalu�a;Lleida;;Porcentaje de poblaci�n que sale del �rea;9/4/2020;9,87
Total Nacional;Catalu�a;Lleida;;Porcentaje de poblaci�n que sale del �rea;8/4/2020;9,98
Total Nacional;Catalu�a;Lleida;;Porcentaje de poblaci�n que sale del �rea;7/4/2020;9,54
Total Nacional;Catalu�a;Lleida;;Porcentaje de poblaci�n que sale del �rea;6/4/2020;9,19
Total Nacional;Catalu�a;Lleida;;Porcentaje de poblaci�n que sale del �rea;5/4/2020;5,35
Total Nacional;Catalu�a;Lleida;;Porcentaje de poblaci�n que sale del �rea;4/4/2020;7,03
Total Nacional;Catalu�a;Lleida;;Porcentaje de poblaci�n que sale del �rea;3/4/2020;9,83
Total Nacional;Catalu�a;Lleida;;Porcentaje de poblaci�n que sale del �rea;2/4/2020;9,04
Total Nacional;Catalu�a;Lleida;;Porcentaje de poblaci�n que sale del �rea;1/4/2020;8,69
Total Nacional;Catalu�a;Lleida;;Porcentaje de poblaci�n que sale del �rea;31/3/2020;9,07
Total Nacional;Catalu�a;Lleida;;Porcentaje de poblaci�n que sale del �rea;30/3/2020;9,37
Total Nacional;Catalu�a;Lleida;;Porcentaje de poblaci�n que sale del �rea;28/3/2020;7,39
Total Nacional;Catalu�a;Lleida;;Porcentaje de poblaci�n que sale del �rea;26/3/2020;11,11
Total Nacional;Catalu�a;Lleida;;Porcentaje de poblaci�n que sale del �rea;24/3/2020;11,1
Total Nacional;Catalu�a;Lleida;;Porcentaje de poblaci�n que sale del �rea;22/3/2020;5,16
Total Nacional;Catalu�a;Lleida;;Porcentaje de poblaci�n que sale del �rea;20/3/2020;11,12
Total Nacional;Catalu�a;Lleida;;Porcentaje de poblaci�n que sale del �rea;18/3/2020;11,57
Total Nacional;Catalu�a;Lleida;;Porcentaje de poblaci�n que sale del �rea;16/3/2020;11,9
Total Nacional;Catalu�a;Lleida;;Porcentaje de poblaci�n que sale del �rea;18/11/2019;28,38
Total Nacional;Catalu�a;Tarragona;;Porcentaje de poblaci�n que sale del �rea;29/12/2021;13,06
Total Nacional;Catalu�a;Tarragona;;Porcentaje de poblaci�n que sale del �rea;26/12/2021;9,09
Total Nacional;Catalu�a;Tarragona;;Porcentaje de poblaci�n que sale del �rea;22/12/2021;15,24
Total Nacional;Catalu�a;Tarragona;;Porcentaje de poblaci�n que sale del �rea;19/12/2021;10,8
Total Nacional;Catalu�a;Tarragona;;Porcentaje de poblaci�n que sale del �rea;15/12/2021;16,67
Total Nacional;Catalu�a;Tarragona;;Porcentaje de poblaci�n que sale del �rea;12/12/2021;11,18
Total Nacional;Catalu�a;Tarragona;;Porcentaje de poblaci�n que sale del �rea;8/12/2021;11,79
Total Nacional;Catalu�a;Tarragona;;Porcentaje de poblaci�n que sale del �rea;1/12/2021;17,13
Total Nacional;Catalu�a;Tarragona;;Porcentaje de poblaci�n que sale del �rea;28/11/2021;11,19
Total Nacional;Catalu�a;Tarragona;;Porcentaje de poblaci�n que sale del �rea;24/11/2021;15,82
Total Nacional;Catalu�a;Tarragona;;Porcentaje de poblaci�n que sale del �rea;21/11/2021;11,45
Total Nacional;Catalu�a;Tarragona;;Porcentaje de poblaci�n que sale del �rea;17/11/2021;16,76
Total Nacional;Catalu�a;Tarragona;;Porcentaje de poblaci�n que sale del �rea;14/11/2021;12,07
Total Nacional;Catalu�a;Tarragona;;Porcentaje de poblaci�n que sale del �rea;10/11/2021;16,06
Total Nacional;Catalu�a;Tarragona;;Porcentaje de poblaci�n que sale del �rea;7/11/2021;11,77
Total Nacional;Catalu�a;Tarragona;;Porcentaje de poblaci�n que sale del �rea;3/11/2021;11,87
Total Nacional;Catalu�a;Tarragona;;Porcentaje de poblaci�n que sale del �rea;31/10/2021;13,27
Total Nacional;Catalu�a;Tarragona;;Porcentaje de poblaci�n que sale del �rea;27/10/2021;16,44
Total Nacional;Catalu�a;Tarragona;;Porcentaje de poblaci�n que sale del �rea;24/10/2021;12,54
Total Nacional;Catalu�a;Tarragona;;Porcentaje de poblaci�n que sale del �rea;20/10/2021;16,28
Total Nacional;Catalu�a;Tarragona;;Porcentaje de poblaci�n que sale del �rea;17/10/2021;12,41
Total Nacional;Catalu�a;Tarragona;;Porcentaje de poblaci�n que sale del �rea;13/10/2021;15,84
Total Nacional;Catalu�a;Tarragona;;Porcentaje de poblaci�n que sale del �rea;10/10/2021;12,61
Total Nacional;Catalu�a;Tarragona;;Porcentaje de poblaci�n que sale del �rea;6/10/2021;16,72
Total Nacional;Catalu�a;Tarragona;;Porcentaje de poblaci�n que sale del �rea;3/10/2021;9,29
Total Nacional;Catalu�a;Tarragona;;Porcentaje de poblaci�n que sale del �rea;29/9/2021;16,94
Total Nacional;Catalu�a;Tarragona;;Porcentaje de poblaci�n que sale del �rea;26/9/2021;12,76
Total Nacional;Catalu�a;Tarragona;;Porcentaje de poblaci�n que sale del �rea;22/9/2021;16,3
Total Nacional;Catalu�a;Tarragona;;Porcentaje de poblaci�n que sale del �rea;19/9/2021;12,5
Total Nacional;Catalu�a;Tarragona;;Porcentaje de poblaci�n que sale del �rea;15/9/2021;16,89
Total Nacional;Catalu�a;Tarragona;;Porcentaje de poblaci�n que sale del �rea;12/9/2021;12,27
Total Nacional;Catalu�a;Tarragona;;Porcentaje de poblaci�n que sale del �rea;8/9/2021;15,73
Total Nacional;Catalu�a;Tarragona;;Porcentaje de poblaci�n que sale del �rea;5/9/2021;12,31
Total Nacional;Catalu�a;Tarragona;;Porcentaje de poblaci�n que sale del �rea;1/9/2021;14,81
Total Nacional;Catalu�a;Tarragona;;Porcentaje de poblaci�n que sale del �rea;29/8/2021;12,67
Total Nacional;Catalu�a;Tarragona;;Porcentaje de poblaci�n que sale del �rea;25/8/2021;15,12
Total Nacional;Catalu�a;Tarragona;;Porcentaje de poblaci�n que sale del �rea;22/8/2021;12,55
Total Nacional;Catalu�a;Tarragona;;Porcentaje de poblaci�n que sale del �rea;18/8/2021;15,25
Total Nacional;Catalu�a;Tarragona;;Porcentaje de poblaci�n que sale del �rea;15/8/2021;12,46
Total Nacional;Catalu�a;Tarragona;;Porcentaje de poblaci�n que sale del �rea;11/8/2021;15,32
Total Nacional;Catalu�a;Tarragona;;Porcentaje de poblaci�n que sale del �rea;8/8/2021;12,46
Total Nacional;Catalu�a;Tarragona;;Porcentaje de poblaci�n que sale del �rea;4/8/2021;15,34
Total Nacional;Catalu�a;Tarragona;;Porcentaje de poblaci�n que sale del �rea;1/8/2021;12,57
Total Nacional;Catalu�a;Tarragona;;Porcentaje de poblaci�n que sale del �rea;28/7/2021;15,75
Total Nacional;Catalu�a;Tarragona;;Porcentaje de poblaci�n que sale del �rea;25/7/2021;12,39
Total Nacional;Catalu�a;Tarragona;;Porcentaje de poblaci�n que sale del �rea;21/7/2021;16,54
Total Nacional;Catalu�a;Tarragona;;Porcentaje de poblaci�n que sale del �rea;18/7/2021;11,71
Total Nacional;Catalu�a;Tarragona;;Porcentaje de poblaci�n que sale del �rea;14/7/2021;15,9
Total Nacional;Catalu�a;Tarragona;;Porcentaje de poblaci�n que sale del �rea;11/7/2021;12,54
Total Nacional;Catalu�a;Tarragona;;Porcentaje de poblaci�n que sale del �rea;7/7/2021;16,04
Total Nacional;Catalu�a;Tarragona;;Porcentaje de poblaci�n que sale del �rea;4/7/2021;12,51
Total Nacional;Catalu�a;Tarragona;;Porcentaje de poblaci�n que sale del �rea;30/6/2021;16,51
Total Nacional;Catalu�a;Tarragona;;Porcentaje de poblaci�n que sale del �rea;27/6/2021;13,75
Total Nacional;Catalu�a;Tarragona;;Porcentaje de poblaci�n que sale del �rea;23/6/2021;10,98
Total Nacional;Catalu�a;Tarragona;;Porcentaje de poblaci�n que sale del �rea;20/6/2021;12,46
Total Nacional;Catalu�a;Tarragona;;Porcentaje de poblaci�n que sale del �rea;16/6/2021;17,29
Total Nacional;Catalu�a;Tarragona;;Porcentaje de poblaci�n que sale del �rea;13/6/2021;13,32
Total Nacional;Catalu�a;Tarragona;;Porcentaje de poblaci�n que sale del �rea;9/6/2021;17,64
Total Nacional;Catalu�a;Tarragona;;Porcentaje de poblaci�n que sale del �rea;6/6/2021;12,11
Total Nacional;Catalu�a;Tarragona;;Porcentaje de poblaci�n que sale del �rea;2/6/2021;16,56
Total Nacional;Catalu�a;Tarragona;;Porcentaje de poblaci�n que sale del �rea;30/5/2021;9,91
Total Nacional;Catalu�a;Tarragona;;Porcentaje de poblaci�n que sale del �rea;26/5/2021;14,36
Total Nacional;Catalu�a;Tarragona;;Porcentaje de poblaci�n que sale del �rea;23/5/2021;8,68
Total Nacional;Catalu�a;Tarragona;;Porcentaje de poblaci�n que sale del �rea;19/5/2021;16,79
Total Nacional;Catalu�a;Tarragona;;Porcentaje de poblaci�n que sale del �rea;16/5/2021;13,09
Total Nacional;Catalu�a;Tarragona;;Porcentaje de poblaci�n que sale del �rea;12/5/2021;14,25
Total Nacional;Catalu�a;Tarragona;;Porcentaje de poblaci�n que sale del �rea;9/5/2021;12,04
Total Nacional;Catalu�a;Tarragona;;Porcentaje de poblaci�n que sale del �rea;5/5/2021;16,06
Total Nacional;Catalu�a;Tarragona;;Porcentaje de poblaci�n que sale del �rea;2/5/2021;7,15
Total Nacional;Catalu�a;Tarragona;;Porcentaje de poblaci�n que sale del �rea;28/4/2021;15,05
Total Nacional;Catalu�a;Tarragona;;Porcentaje de poblaci�n que sale del �rea;25/4/2021;5,18
Total Nacional;Catalu�a;Tarragona;;Porcentaje de poblaci�n que sale del �rea;21/4/2021;15,22
Total Nacional;Catalu�a;Tarragona;;Porcentaje de poblaci�n que sale del �rea;18/4/2021;9,51
Total Nacional;Catalu�a;Tarragona;;Porcentaje de poblaci�n que sale del �rea;14/4/2021;15,78
Total Nacional;Catalu�a;Tarragona;;Porcentaje de poblaci�n que sale del �rea;11/4/2021;7,98
Total Nacional;Catalu�a;Tarragona;;Porcentaje de poblaci�n que sale del �rea;7/4/2021;15,93
Total Nacional;Catalu�a;Tarragona;;Porcentaje de poblaci�n que sale del �rea;4/4/2021;14,14
Total Nacional;Catalu�a;Tarragona;;Porcentaje de poblaci�n que sale del �rea;31/3/2021;16,4
Total Nacional;Catalu�a;Tarragona;;Porcentaje de poblaci�n que sale del �rea;28/3/2021;9,41
Total Nacional;Catalu�a;Tarragona;;Porcentaje de poblaci�n que sale del �rea;24/3/2021;16,07
Total Nacional;Catalu�a;Tarragona;;Porcentaje de poblaci�n que sale del �rea;21/3/2021;11,86
Total Nacional;Catalu�a;Tarragona;;Porcentaje de poblaci�n que sale del �rea;17/3/2021;16,52
Total Nacional;Catalu�a;Tarragona;;Porcentaje de poblaci�n que sale del �rea;14/3/2021;9,71
Total Nacional;Catalu�a;Tarragona;;Porcentaje de poblaci�n que sale del �rea;10/3/2021;15,62
Total Nacional;Catalu�a;Tarragona;;Porcentaje de poblaci�n que sale del �rea;7/3/2021;8,43
Total Nacional;Catalu�a;Tarragona;;Porcentaje de poblaci�n que sale del �rea;3/3/2021;15,46
Total Nacional;Catalu�a;Tarragona;;Porcentaje de poblaci�n que sale del �rea;28/2/2021;8,53
Total Nacional;Catalu�a;Tarragona;;Porcentaje de poblaci�n que sale del �rea;24/2/2021;15,06
Total Nacional;Catalu�a;Tarragona;;Porcentaje de poblaci�n que sale del �rea;21/2/2021;7,74
Total Nacional;Catalu�a;Tarragona;;Porcentaje de poblaci�n que sale del �rea;17/2/2021;15,36
Total Nacional;Catalu�a;Tarragona;;Porcentaje de poblaci�n que sale del �rea;14/2/2021;7,75
Total Nacional;Catalu�a;Tarragona;;Porcentaje de poblaci�n que sale del �rea;10/2/2021;14,53
Total Nacional;Catalu�a;Tarragona;;Porcentaje de poblaci�n que sale del �rea;7/2/2021;6,73
Total Nacional;Catalu�a;Tarragona;;Porcentaje de poblaci�n que sale del �rea;3/2/2021;14,98
Total Nacional;Catalu�a;Tarragona;;Porcentaje de poblaci�n que sale del �rea;31/1/2021;6,48
Total Nacional;Catalu�a;Tarragona;;Porcentaje de poblaci�n que sale del �rea;27/1/2021;14,66
Total Nacional;Catalu�a;Tarragona;;Porcentaje de poblaci�n que sale del �rea;24/1/2021;6,17
Total Nacional;Catalu�a;Tarragona;;Porcentaje de poblaci�n que sale del �rea;20/1/2021;14,16
Total Nacional;Catalu�a;Tarragona;;Porcentaje de poblaci�n que sale del �rea;17/1/2021;6,47
Total Nacional;Catalu�a;Tarragona;;Porcentaje de poblaci�n que sale del �rea;13/1/2021;12,76
Total Nacional;Catalu�a;Tarragona;;Porcentaje de poblaci�n que sale del �rea;10/1/2021;5,52
Total Nacional;Catalu�a;Tarragona;;Porcentaje de poblaci�n que sale del �rea;6/1/2021;9,32
Total Nacional;Catalu�a;Tarragona;;Porcentaje de poblaci�n que sale del �rea;3/1/2021;8,02
Total Nacional;Catalu�a;Tarragona;;Porcentaje de poblaci�n que sale del �rea;30/12/2020;13,11
Total Nacional;Catalu�a;Tarragona;;Porcentaje de poblaci�n que sale del �rea;27/12/2020;8,44
Total Nacional;Catalu�a;Tarragona;;Porcentaje de poblaci�n que sale del �rea;23/12/2020;14,63
Total Nacional;Catalu�a;Tarragona;;Porcentaje de poblaci�n que sale del �rea;20/12/2020;8,77
Total Nacional;Catalu�a;Tarragona;;Porcentaje de poblaci�n que sale del �rea;16/12/2020;15,86
Total Nacional;Catalu�a;Tarragona;;Porcentaje de poblaci�n que sale del �rea;13/12/2020;7,6
Total Nacional;Catalu�a;Tarragona;;Porcentaje de poblaci�n que sale del �rea;9/12/2020;15,08
Total Nacional;Catalu�a;Tarragona;;Porcentaje de poblaci�n que sale del �rea;6/12/2020;7,53
Total Nacional;Catalu�a;Tarragona;;Porcentaje de poblaci�n que sale del �rea;2/12/2020;16,01
Total Nacional;Catalu�a;Tarragona;;Porcentaje de poblaci�n que sale del �rea;29/11/2020;7,55
Total Nacional;Catalu�a;Tarragona;;Porcentaje de poblaci�n que sale del �rea;25/11/2020;16,57
Total Nacional;Catalu�a;Tarragona;;Porcentaje de poblaci�n que sale del �rea;22/11/2020;7,19
Total Nacional;Catalu�a;Tarragona;;Porcentaje de poblaci�n que sale del �rea;18/11/2020;16,89
Total Nacional;Catalu�a;Tarragona;;Porcentaje de poblaci�n que sale del �rea;15/11/2020;7,28
Total Nacional;Catalu�a;Tarragona;;Porcentaje de poblaci�n que sale del �rea;11/11/2020;15,7
Total Nacional;Catalu�a;Tarragona;;Porcentaje de poblaci�n que sale del �rea;8/11/2020;6,86
Total Nacional;Catalu�a;Tarragona;;Porcentaje de poblaci�n que sale del �rea;4/11/2020;15,77
Total Nacional;Catalu�a;Tarragona;;Porcentaje de poblaci�n que sale del �rea;1/11/2020;7,33
Total Nacional;Catalu�a;Tarragona;;Porcentaje de poblaci�n que sale del �rea;28/10/2020;17,05
Total Nacional;Catalu�a;Tarragona;;Porcentaje de poblaci�n que sale del �rea;25/10/2020;12,11
Total Nacional;Catalu�a;Tarragona;;Porcentaje de poblaci�n que sale del �rea;21/10/2020;17,51
Total Nacional;Catalu�a;Tarragona;;Porcentaje de poblaci�n que sale del �rea;18/10/2020;12,15
Total Nacional;Catalu�a;Tarragona;;Porcentaje de poblaci�n que sale del �rea;14/10/2020;19,02
Total Nacional;Catalu�a;Tarragona;;Porcentaje de poblaci�n que sale del �rea;11/10/2020;15,37
Total Nacional;Catalu�a;Tarragona;;Porcentaje de poblaci�n que sale del �rea;7/10/2020;18,77
Total Nacional;Catalu�a;Tarragona;;Porcentaje de poblaci�n que sale del �rea;4/10/2020;14,19
Total Nacional;Catalu�a;Tarragona;;Porcentaje de poblaci�n que sale del �rea;30/9/2020;14,28
Total Nacional;Catalu�a;Tarragona;;Porcentaje de poblaci�n que sale del �rea;27/9/2020;12
Total Nacional;Catalu�a;Tarragona;;Porcentaje de poblaci�n que sale del �rea;23/9/2020;18,19
Total Nacional;Catalu�a;Tarragona;;Porcentaje de poblaci�n que sale del �rea;20/9/2020;14,95
Total Nacional;Catalu�a;Tarragona;;Porcentaje de poblaci�n que sale del �rea;16/9/2020;19,39
Total Nacional;Catalu�a;Tarragona;;Porcentaje de poblaci�n que sale del �rea;13/9/2020;15,85
Total Nacional;Catalu�a;Tarragona;;Porcentaje de poblaci�n que sale del �rea;9/9/2020;18,92
Total Nacional;Catalu�a;Tarragona;;Porcentaje de poblaci�n que sale del �rea;6/9/2020;15,4
Total Nacional;Catalu�a;Tarragona;;Porcentaje de poblaci�n que sale del �rea;2/9/2020;17,51
Total Nacional;Catalu�a;Tarragona;;Porcentaje de poblaci�n que sale del �rea;30/8/2020;15,23
Total Nacional;Catalu�a;Tarragona;;Porcentaje de poblaci�n que sale del �rea;26/8/2020;18,58
Total Nacional;Catalu�a;Tarragona;;Porcentaje de poblaci�n que sale del �rea;23/8/2020;13,09
Total Nacional;Catalu�a;Tarragona;;Porcentaje de poblaci�n que sale del �rea;19/8/2020;18,23
Total Nacional;Catalu�a;Tarragona;;Porcentaje de poblaci�n que sale del �rea;16/8/2020;15,73
Total Nacional;Catalu�a;Tarragona;;Porcentaje de poblaci�n que sale del �rea;12/8/2020;18,71
Total Nacional;Catalu�a;Tarragona;;Porcentaje de poblaci�n que sale del �rea;9/8/2020;15,61
Total Nacional;Catalu�a;Tarragona;;Porcentaje de poblaci�n que sale del �rea;5/8/2020;19,26
Total Nacional;Catalu�a;Tarragona;;Porcentaje de poblaci�n que sale del �rea;2/8/2020;15,55
Total Nacional;Catalu�a;Tarragona;;Porcentaje de poblaci�n que sale del �rea;29/7/2020;19,49
Total Nacional;Catalu�a;Tarragona;;Porcentaje de poblaci�n que sale del �rea;26/7/2020;15,58
Total Nacional;Catalu�a;Tarragona;;Porcentaje de poblaci�n que sale del �rea;22/7/2020;19,39
Total Nacional;Catalu�a;Tarragona;;Porcentaje de poblaci�n que sale del �rea;19/7/2020;15,58
Total Nacional;Catalu�a;Tarragona;;Porcentaje de poblaci�n que sale del �rea;15/7/2020;19,84
Total Nacional;Catalu�a;Tarragona;;Porcentaje de poblaci�n que sale del �rea;12/7/2020;16,19
Total Nacional;Catalu�a;Tarragona;;Porcentaje de poblaci�n que sale del �rea;8/7/2020;19,87
Total Nacional;Catalu�a;Tarragona;;Porcentaje de poblaci�n que sale del �rea;5/7/2020;16,41
Total Nacional;Catalu�a;Tarragona;;Porcentaje de poblaci�n que sale del �rea;1/7/2020;20,06
Total Nacional;Catalu�a;Tarragona;;Porcentaje de poblaci�n que sale del �rea;28/6/2020;16,4
Total Nacional;Catalu�a;Tarragona;;Porcentaje de poblaci�n que sale del �rea;24/6/2020;15,32
Total Nacional;Catalu�a;Tarragona;;Porcentaje de poblaci�n que sale del �rea;20/6/2020;16,89
Total Nacional;Catalu�a;Tarragona;;Porcentaje de poblaci�n que sale del �rea;19/6/2020;18,49
Total Nacional;Catalu�a;Tarragona;;Porcentaje de poblaci�n que sale del �rea;18/6/2020;18,03
Total Nacional;Catalu�a;Tarragona;;Porcentaje de poblaci�n que sale del �rea;17/6/2020;18,5
Total Nacional;Catalu�a;Tarragona;;Porcentaje de poblaci�n que sale del �rea;16/6/2020;17,61
Total Nacional;Catalu�a;Tarragona;;Porcentaje de poblaci�n que sale del �rea;15/6/2020;17,53
Total Nacional;Catalu�a;Tarragona;;Porcentaje de poblaci�n que sale del �rea;14/6/2020;14,57
Total Nacional;Catalu�a;Tarragona;;Porcentaje de poblaci�n que sale del �rea;13/6/2020;16,08
Total Nacional;Catalu�a;Tarragona;;Porcentaje de poblaci�n que sale del �rea;12/6/2020;17,26
Total Nacional;Catalu�a;Tarragona;;Porcentaje de poblaci�n que sale del �rea;11/6/2020;17,81
Total Nacional;Catalu�a;Tarragona;;Porcentaje de poblaci�n que sale del �rea;10/6/2020;17,81
Total Nacional;Catalu�a;Tarragona;;Porcentaje de poblaci�n que sale del �rea;9/6/2020;15,45
Total Nacional;Catalu�a;Tarragona;;Porcentaje de poblaci�n que sale del �rea;8/6/2020;15,32
Total Nacional;Catalu�a;Tarragona;;Porcentaje de poblaci�n que sale del �rea;7/6/2020;11,97
Total Nacional;Catalu�a;Tarragona;;Porcentaje de poblaci�n que sale del �rea;6/6/2020;15,58
Total Nacional;Catalu�a;Tarragona;;Porcentaje de poblaci�n que sale del �rea;5/6/2020;17,44
Total Nacional;Catalu�a;Tarragona;;Porcentaje de poblaci�n que sale del �rea;4/6/2020;16,58
Total Nacional;Catalu�a;Tarragona;;Porcentaje de poblaci�n que sale del �rea;3/6/2020;17,05
Total Nacional;Catalu�a;Tarragona;;Porcentaje de poblaci�n que sale del �rea;2/6/2020;17,37
Total Nacional;Catalu�a;Tarragona;;Porcentaje de poblaci�n que sale del �rea;1/6/2020;15,68
Total Nacional;Catalu�a;Tarragona;;Porcentaje de poblaci�n que sale del �rea;31/5/2020;12,69
Total Nacional;Catalu�a;Tarragona;;Porcentaje de poblaci�n que sale del �rea;30/5/2020;14,72
Total Nacional;Catalu�a;Tarragona;;Porcentaje de poblaci�n que sale del �rea;29/5/2020;16,78
Total Nacional;Catalu�a;Tarragona;;Porcentaje de poblaci�n que sale del �rea;28/5/2020;16,81
Total Nacional;Catalu�a;Tarragona;;Porcentaje de poblaci�n que sale del �rea;27/5/2020;16,54
Total Nacional;Catalu�a;Tarragona;;Porcentaje de poblaci�n que sale del �rea;26/5/2020;16,12
Total Nacional;Catalu�a;Tarragona;;Porcentaje de poblaci�n que sale del �rea;25/5/2020;14,98
Total Nacional;Catalu�a;Tarragona;;Porcentaje de poblaci�n que sale del �rea;24/5/2020;11,24
Total Nacional;Catalu�a;Tarragona;;Porcentaje de poblaci�n que sale del �rea;23/5/2020;12,9
Total Nacional;Catalu�a;Tarragona;;Porcentaje de poblaci�n que sale del �rea;22/5/2020;15,28
Total Nacional;Catalu�a;Tarragona;;Porcentaje de poblaci�n que sale del �rea;21/5/2020;15,28
Total Nacional;Catalu�a;Tarragona;;Porcentaje de poblaci�n que sale del �rea;20/5/2020;15,19
Total Nacional;Catalu�a;Tarragona;;Porcentaje de poblaci�n que sale del �rea;19/5/2020;15,19
Total Nacional;Catalu�a;Tarragona;;Porcentaje de poblaci�n que sale del �rea;18/5/2020;13,95
Total Nacional;Catalu�a;Tarragona;;Porcentaje de poblaci�n que sale del �rea;17/5/2020;9,35
Total Nacional;Catalu�a;Tarragona;;Porcentaje de poblaci�n que sale del �rea;16/5/2020;11,12
Total Nacional;Catalu�a;Tarragona;;Porcentaje de poblaci�n que sale del �rea;15/5/2020;13,65
Total Nacional;Catalu�a;Tarragona;;Porcentaje de poblaci�n que sale del �rea;14/5/2020;13,83
Total Nacional;Catalu�a;Tarragona;;Porcentaje de poblaci�n que sale del �rea;13/5/2020;14,35
Total Nacional;Catalu�a;Tarragona;;Porcentaje de poblaci�n que sale del �rea;12/5/2020;14,61
Total Nacional;Catalu�a;Tarragona;;Porcentaje de poblaci�n que sale del �rea;11/5/2020;13,04
Total Nacional;Catalu�a;Tarragona;;Porcentaje de poblaci�n que sale del �rea;10/5/2020;6,44
Total Nacional;Catalu�a;Tarragona;;Porcentaje de poblaci�n que sale del �rea;9/5/2020;7,25
Total Nacional;Catalu�a;Tarragona;;Porcentaje de poblaci�n que sale del �rea;8/5/2020;12,43
Total Nacional;Catalu�a;Tarragona;;Porcentaje de poblaci�n que sale del �rea;7/5/2020;12,16
Total Nacional;Catalu�a;Tarragona;;Porcentaje de poblaci�n que sale del �rea;6/5/2020;12,17
Total Nacional;Catalu�a;Tarragona;;Porcentaje de poblaci�n que sale del �rea;5/5/2020;12,5
Total Nacional;Catalu�a;Tarragona;;Porcentaje de poblaci�n que sale del �rea;4/5/2020;11,69
Total Nacional;Catalu�a;Tarragona;;Porcentaje de poblaci�n que sale del �rea;3/5/2020;6,59
Total Nacional;Catalu�a;Tarragona;;Porcentaje de poblaci�n que sale del �rea;2/5/2020;7,2
Total Nacional;Catalu�a;Tarragona;;Porcentaje de poblaci�n que sale del �rea;1/5/2020;6,87
Total Nacional;Catalu�a;Tarragona;;Porcentaje de poblaci�n que sale del �rea;30/4/2020;10,86
Total Nacional;Catalu�a;Tarragona;;Porcentaje de poblaci�n que sale del �rea;29/4/2020;10,71
Total Nacional;Catalu�a;Tarragona;;Porcentaje de poblaci�n que sale del �rea;28/4/2020;10,56
Total Nacional;Catalu�a;Tarragona;;Porcentaje de poblaci�n que sale del �rea;27/4/2020;10,06
Total Nacional;Catalu�a;Tarragona;;Porcentaje de poblaci�n que sale del �rea;26/4/2020;5,22
Total Nacional;Catalu�a;Tarragona;;Porcentaje de poblaci�n que sale del �rea;25/4/2020;7,02
Total Nacional;Catalu�a;Tarragona;;Porcentaje de poblaci�n que sale del �rea;24/4/2020;10,15
Total Nacional;Catalu�a;Tarragona;;Porcentaje de poblaci�n que sale del �rea;23/4/2020;9,93
Total Nacional;Catalu�a;Tarragona;;Porcentaje de poblaci�n que sale del �rea;22/4/2020;10,16
Total Nacional;Catalu�a;Tarragona;;Porcentaje de poblaci�n que sale del �rea;21/4/2020;9,86
Total Nacional;Catalu�a;Tarragona;;Porcentaje de poblaci�n que sale del �rea;20/4/2020;9,43
Total Nacional;Catalu�a;Tarragona;;Porcentaje de poblaci�n que sale del �rea;19/4/2020;5,09
Total Nacional;Catalu�a;Tarragona;;Porcentaje de poblaci�n que sale del �rea;18/4/2020;7,2
Total Nacional;Catalu�a;Tarragona;;Porcentaje de poblaci�n que sale del �rea;17/4/2020;10,23
Total Nacional;Catalu�a;Tarragona;;Porcentaje de poblaci�n que sale del �rea;16/4/2020;10,5
Total Nacional;Catalu�a;Tarragona;;Porcentaje de poblaci�n que sale del �rea;15/4/2020;9,82
Total Nacional;Catalu�a;Tarragona;;Porcentaje de poblaci�n que sale del �rea;14/4/2020;9,19
Total Nacional;Catalu�a;Tarragona;;Porcentaje de poblaci�n que sale del �rea;13/4/2020;5,09
Total Nacional;Catalu�a;Tarragona;;Porcentaje de poblaci�n que sale del �rea;12/4/2020;5,14
Total Nacional;Catalu�a;Tarragona;;Porcentaje de poblaci�n que sale del �rea;11/4/2020;6,07
Total Nacional;Catalu�a;Tarragona;;Porcentaje de poblaci�n que sale del �rea;10/4/2020;5,82
Total Nacional;Catalu�a;Tarragona;;Porcentaje de poblaci�n que sale del �rea;9/4/2020;8,58
Total Nacional;Catalu�a;Tarragona;;Porcentaje de poblaci�n que sale del �rea;8/4/2020;8,78
Total Nacional;Catalu�a;Tarragona;;Porcentaje de poblaci�n que sale del �rea;7/4/2020;8,59
Total Nacional;Catalu�a;Tarragona;;Porcentaje de poblaci�n que sale del �rea;6/4/2020;8,08
Total Nacional;Catalu�a;Tarragona;;Porcentaje de poblaci�n que sale del �rea;5/4/2020;5
Total Nacional;Catalu�a;Tarragona;;Porcentaje de poblaci�n que sale del �rea;4/4/2020;6,44
Total Nacional;Catalu�a;Tarragona;;Porcentaje de poblaci�n que sale del �rea;3/4/2020;8,83
Total Nacional;Catalu�a;Tarragona;;Porcentaje de poblaci�n que sale del �rea;2/4/2020;7,95
Total Nacional;Catalu�a;Tarragona;;Porcentaje de poblaci�n que sale del �rea;1/4/2020;7,78
Total Nacional;Catalu�a;Tarragona;;Porcentaje de poblaci�n que sale del �rea;31/3/2020;8,16
Total Nacional;Catalu�a;Tarragona;;Porcentaje de poblaci�n que sale del �rea;30/3/2020;8,31
Total Nacional;Catalu�a;Tarragona;;Porcentaje de poblaci�n que sale del �rea;28/3/2020;6,75
Total Nacional;Catalu�a;Tarragona;;Porcentaje de poblaci�n que sale del �rea;26/3/2020;9,72
Total Nacional;Catalu�a;Tarragona;;Porcentaje de poblaci�n que sale del �rea;24/3/2020;9,87
Total Nacional;Catalu�a;Tarragona;;Porcentaje de poblaci�n que sale del �rea;22/3/2020;4,93
Total Nacional;Catalu�a;Tarragona;;Porcentaje de poblaci�n que sale del �rea;20/3/2020;10,28
Total Nacional;Catalu�a;Tarragona;;Porcentaje de poblaci�n que sale del �rea;18/3/2020;10,86
Total Nacional;Catalu�a;Tarragona;;Porcentaje de poblaci�n que sale del �rea;16/3/2020;11,45
Total Nacional;Catalu�a;Tarragona;;Porcentaje de poblaci�n que sale del �rea;18/11/2019;28,38
